Workbook

Sheet Настройки
A1: УНИВЕРСАЛЬНЫЙ ГРАФИК ПЛАНИРОВАНИЯ ПРОИЗВОДСТВА — НАСТРОЙКИ
A3: Стартовая дата месяца: | C3: =DATE(2026,7,1) -> 46204
A4: Рабочих часов в смене: | C4: 8
A6: Код | B6: Название участка | C6: Сотрудников | D6: В бригаде | E6: Бригад/смену | F6: Часов в смене
A7: У1 | B7: Конструкторское бюро | C7: 4 | D7: 1 | E7: =ROUND(C7/D7,2) -> 4 | F7: =$C$4 -> 8
A8: У2 | B8: Снабжение | C8: 3 | D8: 1 | E8: =ROUND(C8/D8,2) -> 3 | F8: =$C$4 -> 8
A9: У3 | B9: Лазерная резка | C9: 4 | D9: 2 | E9: =ROUND(C9/D9,2) -> 2 | F9: =$C$4 -> 8
A10: У4 | B10: Гибка | C10: 4 | D10: 2 | E10: =ROUND(C10/D10,2) -> 2 | F10: =$C$4 -> 8
A11: У5 | B11: Механообработка | C11: 6 | D11: 2 | E11: =ROUND(C11/D11,2) -> 3 | F11: =$C$4 -> 8
A12: У6 | B12: Сварка | C12: 9 | D12: 2 | E12: =ROUND(C12/D12,2) -> 4.5 | F12: =$C$4 -> 8
A13: У7 | B13: Окраска | C13: 4 | D13: 2 | E13: =ROUND(C13/D13,2) -> 2 | F13: =$C$4 -> 8
A14: У8 | B14: Сборка | C14: 8 | D14: 2 | E14: =ROUND(C14/D14,2) -> 4 | F14: =$C$4 -> 8
A15: У9 | B15: Электромонтаж | C15: 10 | D15: 2 | E15: =ROUND(C15/D15,2) -> 5 | F15: =$C$4 -> 8
A16: У10 | B16: ОТК и склад ГП | C16: 3 | D16: 1 | E16: =ROUND(C16/D16,2) -> 3 | F16: =$C$4 -> 8
A19: Жёлтые ячейки — редактируемые. Название участка меняйте здесь — обновится везде.

Sheet Реестр заказов
A1: РЕЕСТР ЗАКАЗОВ (единый список для всех участков и мастер-графика)
A3: № | B3: Номер заказа | C3: Изделие | D3: Заказчик | E3: Дедлайн отгрузки | F3: Примечание
A4: 1 | B4: 26-1817 | C4: Шкаф РУНН | D4: НЛМК | E4: =DATE(2026,7,29) -> 46232
A5: 2 | B5: 26-1455 | C5: КТП-1000 | D5: ЛТК Свободный Сокол | E5: =DATE(2026,7,31) -> 46234
A6: 3 | B6: 26-1905 | C6: ЩО-70 | D6: Липецкцемент | E6: =DATE(2026,8,14) -> 46248
A7: 4
A8: 5
A9: 6
A10: 7
A11: 8
A12: 9
A13: 10
A14: 11
A15: 12
A16: 13
A17: 14
A18: 15
... A33: 30

Sheet Мастер
A1: МАСТЕР — СВОД ПО ВСЕМ УЧАСТКАМ: старт и завершение каждого заказа на каждом переделе
A2: № | B2: Заказ | C2: Изделие | D2: Дедлайн | E2: =Настройки!$B$7 -> Конструкторское бюро | G2: =Настройки!$B$8 -> Снабжение | I2: =Настройки!$B$9 -> Лазерная резка | K2: =Настройки!$B$10 -> Гибка | M2: =Настройки!$B$11 -> Механообработка | O2: =Настройки!$B$12 -> Сварка | Q2: =Настройки!$B$13 -> Окраска | S2: =Настройки!$B$14 -> Сборка | U2: =Настройки!$B$15 -> Электромонтаж | W2: =Настройки!$B$16 -> ОТК и склад ГП | Y2: Начало цикла | Z2: Завершение цикла | AA2: Цикл, дн.
E3: Старт | F3: Финиш | G3: Старт | H3: Финиш | I3: Старт | J3: Финиш | K3: Старт | L3: Финиш | M3: Старт | N3: Финиш | O3: Старт | P3: Финиш | Q3: Старт | R3: Финиш | S3: Старт | T3: Финиш | U3: Старт | V3: Финиш | W3: Старт | X3: Финиш
A4: 1 | B4: =IF('Реестр заказов'!B4="","",'Реестр заказов'!B4) -> 26-1817 | C4: =IF('Реестр заказов'!C4="","",'Реестр заказов'!C4) -> Шкаф РУНН | D4: =IF('Реестр заказов'!E4="","",'Реестр заказов'!E4) -> 46232 | E4: =IF($B4="","",IF(_xlfn.MINIFS('У1 Ввод'!$D$12:$D$251,'У1 Ввод'!$B$12:$B$251,$B4)=0,"",_xlfn.MINIFS('У1 Ввод'!$D$12:$D$251,'У1 Ввод'!$B$12:$B$251,$B4))) -> 46204 | F4: =IF($B4="","",IF(_xlfn.MAXIFS('У1 Ввод'!$F$12:$F$251,'У1 Ввод'!$B$12:$B$251,$B4)=0,"",_xlfn.MAXIFS('У1 Ввод'!$F$12:$F$251,'У1 Ввод'!$B$12:$B$251,$B4))) -> 46206 | G4: =IF($B4="","",IF(_xlfn.MINIFS('У2 Ввод'!$D$12:$D$251,'У2 Ввод'!$B$12:$B$251,$B4)=0,"",_xlfn.MINIFS('У2 Ввод'!$D$12:$D$251,'У2 Ввод'!$B$12:$B$251,$B4))) -> 46206 | H4: =IF($B4="","",IF(_xlfn.MAXIFS('У2 Ввод'!$F$12:$F$251,'У2 Ввод'!$B$12:$B$251,$B4)=0,"",_xlfn.MAXIFS('У2 Ввод'!$F$12:$F$251,'У2 Ввод'!$B$12:$B$251,$B4))) -> 46210 | I4: =IF($B4="","",IF(_xlfn.MINIFS('У3 Ввод'!$D$12:$D$251,'У3 Ввод'!$B$12:$B$251,$B4)=0,"",_xlfn.MINIFS('У3 Ввод'!$D$12:$D$251,'У3 Ввод'!$B$12:$B$251,$B4))) -> 46209 | J4: =IF($B4="","",IF(_xlfn.MAXIFS('У3 Ввод'!$F$12:$F$251,'У3 Ввод'!$B$12:$B$251,$B4)=0,"",_xlfn.MAXIFS('У3 Ввод'!$F$12:$F$251,'У3 Ввод'!$B$12:$B$251,$B4))) -> 46210 | K4: =IF($B4="","",IF(_xlfn.MINIFS('У4 Ввод'!$D$12:$D$251,'У4 Ввод'!$B$12:$B$251,$B4)=0,"",_xlfn.MINIFS('У4 Ввод'!$D$12:$D$251,'У4 Ввод'!$B$12:$B$251,$B4))) -> 46211 | L4: =IF($B4="","",IF(_xlfn.MAXIFS('У4 Ввод'!$F$12:$F$251,'У4 Ввод'!$B$12:$B$251,$B4)=0,"",_xlfn.MAXIFS('У4 Ввод'!$F$12:$F$251,'У4 Ввод'!$B$12:$B$251,$B4))) -> 46212 | M4: =IF($B4="","",IF(_xlfn.MINIFS('У5 Ввод'!$D$12:$D$251,'У5 Ввод'!$B$12:$B$251,$B4)=0,"",_xlfn.MINIFS('У5 Ввод'!$D$12:$D$251,'У5 Ввод'!$B$12:$B$251,$B4))) -> 46211 | N4: =IF($B4="","",IF(_xlfn.MAXIFS('У5 Ввод'!$F$12:$F$251,'У5 Ввод'!$B$12:$B$251,$B4)=0,"",_xlfn.MAXIFS('У5 Ввод'!$F$12:$F$251,'У5 Ввод'!$B$12:$B$251,$B4))) -> 46212 | O4: =IF($B4="","",IF(_xlfn.MINIFS('У6 Ввод'!$D$12:$D$251,'У6 Ввод'!$B$12:$B$251,$B4)=0,"",_xlfn.MINIFS('У6 Ввод'!$D$12:$D$251,'У6 Ввод'!$B$12:$B$251,$B4))) -> 46210 | P4: =IF($B4="","",IF(_xlfn.MAXIFS('У6 Ввод'!$F$12:$F$251,'У6 Ввод'!$B$12:$B$251,$B4)=0,"",_xlfn.MAXIFS('У6 Ввод'!$F$12:$F$251,'У6 Ввод'!$B$12:$B$251,$B4))) -> 46231 | Q4: =IF($B4="","",IF(_xlfn.MINIFS('У7 Ввод'!$D$12:$D$251,'У7 Ввод'!$B$12:$B$251,$B4)=0,"",_xlfn.MINIFS('У7 Ввод'!$D$12:$D$251,'У7 Ввод'!$B$12:$B$251,$B4))) -> 46218 | R4: =IF($B4="","",IF(_xlfn.MAXIFS('У7 Ввод'!$F$12:$F$251,'У7 Ввод'!$B$12:$B$251,$B4)=0,"",_xlfn.MAXIFS('У7 Ввод'!$F$12:$F$251,'У7 Ввод'!$B$12:$B$251,$B4))) -> 46219 | S4: =IF($B4="","",IF(_xlfn.MINIFS('У8 Ввод'!$D$12:$D$251,'У8 Ввод'!$B$12:$B$251,$B4)=0,"",_xlfn.MINIFS('У8 Ввод'!$D$12:$D$251,'У8 Ввод'!$B$12:$B$251,$B4))) -> 46220 | T4: =IF($B4="","",IF(_xlfn.MAXIFS('У8 Ввод'!$F$12:$F$251,'У8 Ввод'!$B$12:$B$251,$B4)=0,"",_xlfn.MAXIFS('У8 Ввод'!$F$12:$F$251,'У8 Ввод'!$B$12:$B$251,$B4))) -> 46224 | U4: =IF($B4="","",IF(_xlfn.MINIFS('У9 Ввод'!$D$12:$D$251,'У9 Ввод'!$B$12:$B$251,$B4)=0,"",_xlfn.MINIFS('У9 Ввод'!$D$12:$D$251,'У9 Ввод'!$B$12:$B$251,$B4))) -> 46225 | V4: =IF($B4="","",IF(_xlfn.MAXIFS('У9 Ввод'!$F$12:$F$251,'У9 Ввод'!$B$12:$B$251,$B4)=0,"",_xlfn.MAXIFS('У9 Ввод'!$F$12:$F$251,'У9 Ввод'!$B$12:$B$251,$B4))) -> 46227 | W4: =IF($B4="","",IF(_xlfn.MINIFS('У10 Ввод'!$D$12:$D$251,'У10 Ввод'!$B$12:$B$251,$B4)=0,"",_xlfn.MINIFS('У10 Ввод'!$D$12:$D$251,'У10 Ввод'!$B$12:$B$251,$B4))) -> 46230 | X4: =IF($B4="","",IF(_xlfn.MAXIFS('У10 Ввод'!$F$12:$F$251,'У10 Ввод'!$B$12:$B$251,$B4)=0,"",_xlfn.MAXIFS('У10 Ввод'!$F$12:$F$251,'У10 Ввод'!$B$12:$B$251,$B4))) -> 46231 | Y4: =IF(COUNT(E4,G4,I4,K4,M4,O4,Q4,S4,U4,W4)=0,"",MIN(E4,G4,I4,K4,M4,O4,Q4,S4,U4,W4)) -> 46204 | Z4: =IF(COUNT(F4,H4,J4,L4,N4,P4,R4,T4,V4,X4)=0,"",MAX(F4,H4,J4,L4,N4,P4,R4,T4,V4,X4)) -> 46231 | AA4: =IF(OR(Y4="",Z4=""),"",Z4-Y4+1) -> 28
A5: 2 | B5: =IF('Реестр заказов'!B5="","",'Реестр заказов'!B5) -> 26-1455 | C5: =IF('Реестр заказов'!C5="","",'Реестр заказов'!C5) -> КТП-1000 | D5: =IF('Реестр заказов'!E5="","",'Реестр заказов'!E5) -> 46234 | E5: =IF($B5="","",IF(_xlfn.MINIFS('У1 Ввод'!$D$12:$D$251,'У1 Ввод'!$B$12:$B$251,$B5)=0,"",_xlfn.MINIFS('У1 Ввод'!$D$12:$D$251,'У1 Ввод'!$B$12:$B$251,$B5))) -> 46205 | F5: =IF($B5="","",IF(_xlfn.MAXIFS('У1 Ввод'!$F$12:$F$251,'У1 Ввод'!$B$12:$B$251,$B5)=0,"",_xlfn.MAXIFS('У1 Ввод'!$F$12:$F$251,'У1 Ввод'!$B$12:$B$251,$B5))) -> 46209 | G5: =IF($B5="","",IF(_xlfn.MINIFS('У2 Ввод'!$D$12:$D$251,'У2 Ввод'!$B$12:$B$251,$B5)=0,"",_xlfn.MINIFS('У2 Ввод'!$D$12:$D$251,'У2 Ввод'!$B$12:$B$251,$B5))) -> 46209 | H5: =IF($B5="","",IF(_xlfn.MAXIFS('У2 Ввод'!$F$12:$F$251,'У2 Ввод'!$B$12:$B$251,$B5)=0,"",_xlfn.MAXIFS('У2 Ввод'!$F$12:$F$251,'У2 Ввод'!$B$12:$B$251,$B5))) -> 46210 | I5: =IF($B5="","",IF(_xlfn.MINIFS('У3 Ввод'!$D$12:$D$251,'У3 Ввод'!$B$12:$B$251,$B5)=0,"",_xlfn.MINIFS('У3 Ввод'!$D$12:$D$251,'У3 Ввод'!$B$12:$B$251,$B5))) -> 46210 | J5: =IF($B5="","",IF(_xlfn.MAXIFS('У3 Ввод'!$F$12:$F$251,'У3 Ввод'!$B$12:$B$251,$B5)=0,"",_xlfn.MAXIFS('У3 Ввод'!$F$12:$F$251,'У3 Ввод'!$B$12:$B$251,$B5))) -> 46211 | K5: =IF($B5="","",IF(_xlfn.MINIFS('У4 Ввод'!$D$12:$D$251,'У4 Ввод'!$B$12:$B$251,$B5)=0,"",_xlfn.MINIFS('У4 Ввод'!$D$12:$D$251,'У4 Ввод'!$B$12:$B$251,$B5))) -> 46212 | L5: =IF($B5="","",IF(_xlfn.MAXIFS('У4 Ввод'!$F$12:$F$251,'У4 Ввод'!$B$12:$B$251,$B5)=0,"",_xlfn.MAXIFS('У4 Ввод'!$F$12:$F$251,'У4 Ввод'!$B$12:$B$251,$B5))) -> 46213 | M5: =IF($B5="","",IF(_xlfn.MINIFS('У5 Ввод'!$D$12:$D$251,'У5 Ввод'!$B$12:$B$251,$B5)=0,"",_xlfn.MINIFS('У5 Ввод'!$D$12:$D$251,'У5 Ввод'!$B$12:$B$251,$B5))) | N5: =IF($B5="","",IF(_xlfn.MAXIFS('У5 Ввод'!$F$12:$F$251,'У5 Ввод'!$B$12:$B$251,$B5)=0,"",_xlfn.MAXIFS('У5 Ввод'!$F$12:$F$251,'У5 Ввод'!$B$12:$B$251,$B5))) | O5: =IF($B5="","",IF(_xlfn.MINIFS('У6 Ввод'!$D$12:$D$251,'У6 Ввод'!$B$12:$B$251,$B5)=0,"",_xlfn.MINIFS('У6 Ввод'!$D$12:$D$251,'У6 Ввод'!$B$12:$B$251,$B5))) -> 46210 | P5: =IF($B5="","",IF(_xlfn.MAXIFS('У6 Ввод'!$F$12:$F$251,'У6 Ввод'!$B$12:$B$251,$B5)=0,"",_xlfn.MAXIFS('У6 Ввод'!$F$12:$F$251,'У6 Ввод'!$B$12:$B$251,$B5))) -> 46231 | Q5: =IF($B5="","",IF(_xlfn.MINIFS('У7 Ввод'!$D$12:$D$251,'У7 Ввод'!$B$12:$B$251,$B5)=0,"",_xlfn.MINIFS('У7 Ввод'!$D$12:$D$251,'У7 Ввод'!$B$12:$B$251,$B5))) -> 46219 | R5: =IF($B5="","",IF(_xlfn.MAXIFS('У7 Ввод'!$F$12:$F$251,'У7 Ввод'!$B$12:$B$251,$B5)=0,"",_xlfn.MAXIFS('У7 Ввод'!$F$12:$F$251,'У7 Ввод'!$B$12:$B$251,$B5))) -> 46220 | S5: =IF($B5="","",IF(_xlfn.MINIFS('У8 Ввод'!$D$12:$D$251,'У8 Ввод'!$B$12:$B$251,$B5)=0,"",_xlfn.MINIFS('У8 Ввод'!$D$12:$D$251,'У8 Ввод'!$B$12:$B$251,$B5))) -> 46223 | T5: =IF($B5="","",IF(_xlfn.MAXIFS('У8 Ввод'!$F$12:$F$251,'У8 Ввод'!$B$12:$B$251,$B5)=0,"",_xlfn.MAXIFS('У8 Ввод'!$F$12:$F$251,'У8 Ввод'!$B$12:$B$251,$B5))) -> 46225 | U5: =IF($B5="","",IF(_xlfn.MINIFS('У9 Ввод'!$D$12:$D$251,'У9 Ввод'!$B$12:$B$251,$B5)=0,"",_xlfn.MINIFS('У9 Ввод'!$D$12:$D$251,'У9 Ввод'!$B$12:$B$251,$B5))) -> 46226 | V5: =IF($B5="","",IF(_xlfn.MAXIFS('У9 Ввод'!$F$12:$F$251,'У9 Ввод'!$B$12:$B$251,$B5)=0,"",_xlfn.MAXIFS('У9 Ввод'!$F$12:$F$251,'У9 Ввод'!$B$12:$B$251,$B5))) -> 46230 | W5: =IF($B5="","",IF(_xlfn.MINIFS('У10 Ввод'!$D$12:$D$251,'У10 Ввод'!$B$12:$B$251,$B5)=0,"",_xlfn.MINIFS('У10 Ввод'!$D$12:$D$251,'У10 Ввод'!$B$12:$B$251,$B5))) -> 46232 | X5: =IF($B5="","",IF(_xlfn.MAXIFS('У10 Ввод'!$F$12:$F$251,'У10 Ввод'!$B$12:$B$251,$B5)=0,"",_xlfn.MAXIFS('У10 Ввод'!$F$12:$F$251,'У10 Ввод'!$B$12:$B$251,$B5))) -> 46233 | Y5: =IF(COUNT(E5,G5,I5,K5,M5,O5,Q5,S5,U5,W5)=0,"",MIN(E5,G5,I5,K5,M5,O5,Q5,S5,U5,W5)) -> 46205 | Z5: =IF(COUNT(F5,H5,J5,L5,N5,P5,R5,T5,V5,X5)=0,"",MAX(F5,H5,J5,L5,N5,P5,R5,T5,V5,X5)) -> 46233 | AA5: =IF(OR(Y5="",Z5=""),"",Z5-Y5+1) -> 29
A6: 3 | B6: =IF('Реестр заказов'!B6="","",'Реестр заказов'!B6) -> 26-1905 | C6: =IF('Реестр заказов'!C6="","",'Реестр заказов'!C6) -> ЩО-70 | D6: =IF('Реестр заказов'!E6="","",'Реестр заказов'!E6) -> 46248 | E6: =IF($B6="","",IF(_xlfn.MINIFS('У1 Ввод'!$D$12:$D$251,'У1 Ввод'!$B$12:$B$251,$B6)=0,"",_xlfn.MINIFS('У1 Ввод'!$D$12:$D$251,'У1 Ввод'!$B$12:$B$251,$B6))) -> 46209 | F6: =IF($B6="","",IF(_xlfn.MAXIFS('У1 Ввод'!$F$12:$F$251,'У1 Ввод'!$B$12:$B$251,$B6)=0,"",_xlfn.MAXIFS('У1 Ввод'!$F$12:$F$251,'У1 Ввод'!$B$12:$B$251,$B6))) -> 46213 | G6: =IF($B6="","",IF(_xlfn.MINIFS('У2 Ввод'!$D$12:$D$251,'У2 Ввод'!$B$12:$B$251,$B6)=0,"",_xlfn.MINIFS('У2 Ввод'!$D$12:$D$251,'У2 Ввод'!$B$12:$B$251,$B6))) | H6: =IF($B6="","",IF(_xlfn.MAXIFS('У2 Ввод'!$F$12:$F$251,'У2 Ввод'!$B$12:$B$251,$B6)=0,"",_xlfn.MAXIFS('У2 Ввод'!$F$12:$F$251,'У2 Ввод'!$B$12:$B$251,$B6))) | I6: =IF($B6="","",IF(_xlfn.MINIFS('У3 Ввод'!$D$12:$D$251,'У3 Ввод'!$B$12:$B$251,$B6)=0,"",_xlfn.MINIFS('У3 Ввод'!$D$12:$D$251,'У3 Ввод'!$B$12:$B$251,$B6))) -> 46216 | J6: =IF($B6="","",IF(_xlfn.MAXIFS('У3 Ввод'!$F$12:$F$251,'У3 Ввод'!$B$12:$B$251,$B6)=0,"",_xlfn.MAXIFS('У3 Ввод'!$F$12:$F$251,'У3 Ввод'!$B$12:$B$251,$B6))) -> 46217 | K6: =IF($B6="","",IF(_xlfn.MINIFS('У4 Ввод'!$D$12:$D$251,'У4 Ввод'!$B$12:$B$251,$B6)=0,"",_xlfn.MINIFS('У4 Ввод'!$D$12:$D$251,'У4 Ввод'!$B$12:$B$251,$B6))) | L6: =IF($B6="","",IF(_xlfn.MAXIFS('У4 Ввод'!$F$12:$F$251,'У4 Ввод'!$B$12:$B$251,$B6)=0,"",_xlfn.MAXIFS('У4 Ввод'!$F$12:$F$251,'У4 Ввод'!$B$12:$B$251,$B6))) | M6: =IF($B6="","",IF(_xlfn.MINIFS('У5 Ввод'!$D$12:$D$251,'У5 Ввод'!$B$12:$B$251,$B6)=0,"",_xlfn.MINIFS('У5 Ввод'!$D$12:$D$251,'У5 Ввод'!$B$12:$B$251,$B6))) | N6: =IF($B6="","",IF(_xlfn.MAXIFS('У5 Ввод'!$F$12:$F$251,'У5 Ввод'!$B$12:$B$251,$B6)=0,"",_xlfn.MAXIFS('У5 Ввод'!$F$12:$F$251,'У5 Ввод'!$B$12:$B$251,$B6))) | O6: =IF($B6="","",IF(_xlfn.MINIFS('У6 Ввод'!$D$12:$D$251,'У6 Ввод'!$B$12:$B$251,$B6)=0,"",_xlfn.MINIFS('У6 Ввод'!$D$12:$D$251,'У6 Ввод'!$B$12:$B$251,$B6))) -> 46223 | P6: =IF($B6="","",IF(_xlfn.MAXIFS('У6 Ввод'!$F$12:$F$251,'У6 Ввод'!$B$12:$B$251,$B6)=0,"",_xlfn.MAXIFS('У6 Ввод'!$F$12:$F$251,'У6 Ввод'!$B$12:$B$251,$B6))) -> 46225 | Q6: =IF($B6="","",IF(_xlfn.MINIFS('У7 Ввод'!$D$12:$D$251,'У7 Ввод'!$B$12:$B$251,$B6)=0,"",_xlfn.MINIFS('У7 Ввод'!$D$12:$D$251,'У7 Ввод'!$B$12:$B$251,$B6))) | R6: =IF($B6="","",IF(_xlfn.MAXIFS('У7 Ввод'!$F$12:$F$251,'У7 Ввод'!$B$12:$B$251,$B6)=0,"",_xlfn.MAXIFS('У7 Ввод'!$F$12:$F$251,'У7 Ввод'!$B$12:$B$251,$B6))) | S6: =IF($B6="","",IF(_xlfn.MINIFS('У8 Ввод'!$D$12:$D$251,'У8 Ввод'!$B$12:$B$251,$B6)=0,"",_xlfn.MINIFS('У8 Ввод'!$D$12:$D$251,'У8 Ввод'!$B$12:$B$251,$B6))) | T6: =IF($B6="","",IF(_xlfn.MAXIFS('У8 Ввод'!$F$12:$F$251,'У8 Ввод'!$B$12:$B$251,$B6)=0,"",_xlfn.MAXIFS('У8 Ввод'!$F$12:$F$251,'У8 Ввод'!$B$12:$B$251,$B6))) | U6: =IF($B6="","",IF(_xlfn.MINIFS('У9 Ввод'!$D$12:$D$251,'У9 Ввод'!$B$12:$B$251,$B6)=0,"",_xlfn.MINIFS('У9 Ввод'!$D$12:$D$251,'У9 Ввод'!$B$12:$B$251,$B6))) | V6: =IF($B6="","",IF(_xlfn.MAXIFS('У9 Ввод'!$F$12:$F$251,'У9 Ввод'!$B$12:$B$251,$B6)=0,"",_xlfn.MAXIFS('У9 Ввод'!$F$12:$F$251,'У9 Ввод'!$B$12:$B$251,$B6))) | W6: =IF($B6="","",IF(_xlfn.MINIFS('У10 Ввод'!$D$12:$D$251,'У10 Ввод'!$B$12:$B$251,$B6)=0,"",_xlfn.MINIFS('У10 Ввод'!$D$12:$D$251,'У10 Ввод'!$B$12:$B$251,$B6))) -> 46233 | X6: =IF($B6="","",IF(_xlfn.MAXIFS('У10 Ввод'!$F$12:$F$251,'У10 Ввод'!$B$12:$B$251,$B6)=0,"",_xlfn.MAXIFS('У10 Ввод'!$F$12:$F$251,'У10 Ввод'!$B$12:$B$251,$B6))) -> 46233 | Y6: =IF(COUNT(E6,G6,I6,K6,M6,O6,Q6,S6,U6,W6)=0,"",MIN(E6,G6,I6,K6,M6,O6,Q6,S6,U6,W6)) -> 46209 | Z6: =IF(COUNT(F6,H6,J6,L6,N6,P6,R6,T6,V6,X6)=0,"",MAX(F6,H6,J6,L6,N6,P6,R6,T6,V6,X6)) -> 46233 | AA6: =IF(OR(Y6="",Z6=""),"",Z6-Y6+1) -> 25
A7: 4 | B7: =IF('Реестр заказов'!B7="","",'Реестр заказов'!B7) | C7: =IF('Реестр заказов'!C7="","",'Реестр заказов'!C7) | D7: =IF('Реестр заказов'!E7="","",'Реестр заказов'!E7) | E7: =IF($B7="","",IF(_xlfn.MINIFS('У1 Ввод'!$D$12:$D$251,'У1 Ввод'!$B$12:$B$251,$B7)=0,"",_xlfn.MINIFS('У1 Ввод'!$D$12:$D$251,'У1 Ввод'!$B$12:$B$251,$B7))) | F7: =IF($B7="","",IF(_xlfn.MAXIFS('У1 Ввод'!$F$12:$F$251,'У1 Ввод'!$B$12:$B$251,$B7)=0,"",_xlfn.MAXIFS('У1 Ввод'!$F$12:$F$251,'У1 Ввод'!$B$12:$B$251,$B7))) | G7: =IF($B7="","",IF(_xlfn.MINIFS('У2 Ввод'!$D$12:$D$251,'У2 Ввод'!$B$12:$B$251,$B7)=0,"",_xlfn.MINIFS('У2 Ввод'!$D$12:$D$251,'У2 Ввод'!$B$12:$B$251,$B7))) | H7: =IF($B7="","",IF(_xlfn.MAXIFS('У2 Ввод'!$F$12:$F$251,'У2 Ввод'!$B$12:$B$251,$B7)=0,"",_xlfn.MAXIFS('У2 Ввод'!$F$12:$F$251,'У2 Ввод'!$B$12:$B$251,$B7))) | I7: =IF($B7="","",IF(_xlfn.MINIFS('У3 Ввод'!$D$12:$D$251,'У3 Ввод'!$B$12:$B$251,$B7)=0,"",_xlfn.MINIFS('У3 Ввод'!$D$12:$D$251,'У3 Ввод'!$B$12:$B$251,$B7))) | J7: =IF($B7="","",IF(_xlfn.MAXIFS('У3 Ввод'!$F$12:$F$251,'У3 Ввод'!$B$12:$B$251,$B7)=0,"",_xlfn.MAXIFS('У3 Ввод'!$F$12:$F$251,'У3 Ввод'!$B$12:$B$251,$B7))) | K7: =IF($B7="","",IF(_xlfn.MINIFS('У4 Ввод'!$D$12:$D$251,'У4 Ввод'!$B$12:$B$251,$B7)=0,"",_xlfn.MINIFS('У4 Ввод'!$D$12:$D$251,'У4 Ввод'!$B$12:$B$251,$B7))) | L7: =IF($B7="","",IF(_xlfn.MAXIFS('У4 Ввод'!$F$12:$F$251,'У4 Ввод'!$B$12:$B$251,$B7)=0,"",_xlfn.MAXIFS('У4 Ввод'!$F$12:$F$251,'У4 Ввод'!$B$12:$B$251,$B7))) | M7: =IF($B7="","",IF(_xlfn.MINIFS('У5 Ввод'!$D$12:$D$251,'У5 Ввод'!$B$12:$B$251,$B7)=0,"",_xlfn.MINIFS('У5 Ввод'!$D$12:$D$251,'У5 Ввод'!$B$12:$B$251,$B7))) | N7: =IF($B7="","",IF(_xlfn.MAXIFS('У5 Ввод'!$F$12:$F$251,'У5 Ввод'!$B$12:$B$251,$B7)=0,"",_xlfn.MAXIFS('У5 Ввод'!$F$12:$F$251,'У5 Ввод'!$B$12:$B$251,$B7))) | O7: =IF($B7="","",IF(_xlfn.MINIFS('У6 Ввод'!$D$12:$D$251,'У6 Ввод'!$B$12:$B$251,$B7)=0,"",_xlfn.MINIFS('У6 Ввод'!$D$12:$D$251,'У6 Ввод'!$B$12:$B$251,$B7))) | P7: =IF($B7="","",IF(_xlfn.MAXIFS('У6 Ввод'!$F$12:$F$251,'У6 Ввод'!$B$12:$B$251,$B7)=0,"",_xlfn.MAXIFS('У6 Ввод'!$F$12:$F$251,'У6 Ввод'!$B$12:$B$251,$B7))) | Q7: =IF($B7="","",IF(_xlfn.MINIFS('У7 Ввод'!$D$12:$D$251,'У7 Ввод'!$B$12:$B$251,$B7)=0,"",_xlfn.MINIFS('У7 Ввод'!$D$12:$D$251,'У7 Ввод'!$B$12:$B$251,$B7))) | R7: =IF($B7="","",IF(_xlfn.MAXIFS('У7 Ввод'!$F$12:$F$251,'У7 Ввод'!$B$12:$B$251,$B7)=0,"",_xlfn.MAXIFS('У7 Ввод'!$F$12:$F$251,'У7 Ввод'!$B$12:$B$251,$B7))) | S7: =IF($B7="","",IF(_xlfn.MINIFS('У8 Ввод'!$D$12:$D$251,'У8 Ввод'!$B$12:$B$251,$B7)=0,"",_xlfn.MINIFS('У8 Ввод'!$D$12:$D$251,'У8 Ввод'!$B$12:$B$251,$B7))) | T7: =IF($B7="","",IF(_xlfn.MAXIFS('У8 Ввод'!$F$12:$F$251,'У8 Ввод'!$B$12:$B$251,$B7)=0,"",_xlfn.MAXIFS('У8 Ввод'!$F$12:$F$251,'У8 Ввод'!$B$12:$B$251,$B7))) | U7: =IF($B7="","",IF(_xlfn.MINIFS('У9 Ввод'!$D$12:$D$251,'У9 Ввод'!$B$12:$B$251,$B7)=0,"",_xlfn.MINIFS('У9 Ввод'!$D$12:$D$251,'У9 Ввод'!$B$12:$B$251,$B7))) | V7: =IF($B7="","",IF(_xlfn.MAXIFS('У9 Ввод'!$F$12:$F$251,'У9 Ввод'!$B$12:$B$251,$B7)=0,"",_xlfn.MAXIFS('У9 Ввод'!$F$12:$F$251,'У9 Ввод'!$B$12:$B$251,$B7))) | W7: =IF($B7="","",IF(_xlfn.MINIFS('У10 Ввод'!$D$12:$D$251,'У10 Ввод'!$B$12:$B$251,$B7)=0,"",_xlfn.MINIFS('У10 Ввод'!$D$12:$D$251,'У10 Ввод'!$B$12:$B$251,$B7))) | X7: =IF($B7="","",IF(_xlfn.MAXIFS('У10 Ввод'!$F$12:$F$251,'У10 Ввод'!$B$12:$B$251,$B7)=0,"",_xlfn.MAXIFS('У10 Ввод'!$F$12:$F$251,'У10 Ввод'!$B$12:$B$251,$B7))) | Y7: =IF(COUNT(E7,G7,I7,K7,M7,O7,Q7,S7,U7,W7)=0,"",MIN(E7,G7,I7,K7,M7,O7,Q7,S7,U7,W7)) | Z7: =IF(COUNT(F7,H7,J7,L7,N7,P7,R7,T7,V7,X7)=0,"",MAX(F7,H7,J7,L7,N7,P7,R7,T7,V7,X7)) | AA7: =IF(OR(Y7="",Z7=""),"",Z7-Y7+1)
A8: 5 | B8: =IF('Реестр заказов'!B8="","",'Реестр заказов'!B8) | C8: =IF('Реестр заказов'!C8="","",'Реестр заказов'!C8) | D8: =IF('Реестр заказов'!E8="","",'Реестр заказов'!E8) | E8: =IF($B8="","",IF(_xlfn.MINIFS('У1 Ввод'!$D$12:$D$251,'У1 Ввод'!$B$12:$B$251,$B8)=0,"",_xlfn.MINIFS('У1 Ввод'!$D$12:$D$251,'У1 Ввод'!$B$12:$B$251,$B8))) | F8: =IF($B8="","",IF(_xlfn.MAXIFS('У1 Ввод'!$F$12:$F$251,'У1 Ввод'!$B$12:$B$251,$B8)=0,"",_xlfn.MAXIFS('У1 Ввод'!$F$12:$F$251,'У1 Ввод'!$B$12:$B$251,$B8))) | G8: =IF($B8="","",IF(_xlfn.MINIFS('У2 Ввод'!$D$12:$D$251,'У2 Ввод'!$B$12:$B$251,$B8)=0,"",_xlfn.MINIFS('У2 Ввод'!$D$12:$D$251,'У2 Ввод'!$B$12:$B$251,$B8))) | H8: =IF($B8="","",IF(_xlfn.MAXIFS('У2 Ввод'!$F$12:$F$251,'У2 Ввод'!$B$12:$B$251,$B8)=0,"",_xlfn.MAXIFS('У2 Ввод'!$F$12:$F$251,'У2 Ввод'!$B$12:$B$251,$B8))) | I8: =IF($B8="","",IF(_xlfn.MINIFS('У3 Ввод'!$D$12:$D$251,'У3 Ввод'!$B$12:$B$251,$B8)=0,"",_xlfn.MINIFS('У3 Ввод'!$D$12:$D$251,'У3 Ввод'!$B$12:$B$251,$B8))) | J8: =IF($B8="","",IF(_xlfn.MAXIFS('У3 Ввод'!$F$12:$F$251,'У3 Ввод'!$B$12:$B$251,$B8)=0,"",_xlfn.MAXIFS('У3 Ввод'!$F$12:$F$251,'У3 Ввод'!$B$12:$B$251,$B8))) | K8: =IF($B8="","",IF(_xlfn.MINIFS('У4 Ввод'!$D$12:$D$251,'У4 Ввод'!$B$12:$B$251,$B8)=0,"",_xlfn.MINIFS('У4 Ввод'!$D$12:$D$251,'У4 Ввод'!$B$12:$B$251,$B8))) | L8: =IF($B8="","",IF(_xlfn.MAXIFS('У4 Ввод'!$F$12:$F$251,'У4 Ввод'!$B$12:$B$251,$B8)=0,"",_xlfn.MAXIFS('У4 Ввод'!$F$12:$F$251,'У4 Ввод'!$B$12:$B$251,$B8))) | M8: =IF($B8="","",IF(_xlfn.MINIFS('У5 Ввод'!$D$12:$D$251,'У5 Ввод'!$B$12:$B$251,$B8)=0,"",_xlfn.MINIFS('У5 Ввод'!$D$12:$D$251,'У5 Ввод'!$B$12:$B$251,$B8))) | N8: =IF($B8="","",IF(_xlfn.MAXIFS('У5 Ввод'!$F$12:$F$251,'У5 Ввод'!$B$12:$B$251,$B8)=0,"",_xlfn.MAXIFS('У5 Ввод'!$F$12:$F$251,'У5 Ввод'!$B$12:$B$251,$B8))) | O8: =IF($B8="","",IF(_xlfn.MINIFS('У6 Ввод'!$D$12:$D$251,'У6 Ввод'!$B$12:$B$251,$B8)=0,"",_xlfn.MINIFS('У6 Ввод'!$D$12:$D$251,'У6 Ввод'!$B$12:$B$251,$B8))) | P8: =IF($B8="","",IF(_xlfn.MAXIFS('У6 Ввод'!$F$12:$F$251,'У6 Ввод'!$B$12:$B$251,$B8)=0,"",_xlfn.MAXIFS('У6 Ввод'!$F$12:$F$251,'У6 Ввод'!$B$12:$B$251,$B8))) | Q8: =IF($B8="","",IF(_xlfn.MINIFS('У7 Ввод'!$D$12:$D$251,'У7 Ввод'!$B$12:$B$251,$B8)=0,"",_xlfn.MINIFS('У7 Ввод'!$D$12:$D$251,'У7 Ввод'!$B$12:$B$251,$B8))) | R8: =IF($B8="","",IF(_xlfn.MAXIFS('У7 Ввод'!$F$12:$F$251,'У7 Ввод'!$B$12:$B$251,$B8)=0,"",_xlfn.MAXIFS('У7 Ввод'!$F$12:$F$251,'У7 Ввод'!$B$12:$B$251,$B8))) | S8: =IF($B8="","",IF(_xlfn.MINIFS('У8 Ввод'!$D$12:$D$251,'У8 Ввод'!$B$12:$B$251,$B8)=0,"",_xlfn.MINIFS('У8 Ввод'!$D$12:$D$251,'У8 Ввод'!$B$12:$B$251,$B8))) | T8: =IF($B8="","",IF(_xlfn.MAXIFS('У8 Ввод'!$F$12:$F$251,'У8 Ввод'!$B$12:$B$251,$B8)=0,"",_xlfn.MAXIFS('У8 Ввод'!$F$12:$F$251,'У8 Ввод'!$B$12:$B$251,$B8))) | U8: =IF($B8="","",IF(_xlfn.MINIFS('У9 Ввод'!$D$12:$D$251,'У9 Ввод'!$B$12:$B$251,$B8)=0,"",_xlfn.MINIFS('У9 Ввод'!$D$12:$D$251,'У9 Ввод'!$B$12:$B$251,$B8))) | V8: =IF($B8="","",IF(_xlfn.MAXIFS('У9 Ввод'!$F$12:$F$251,'У9 Ввод'!$B$12:$B$251,$B8)=0,"",_xlfn.MAXIFS('У9 Ввод'!$F$12:$F$251,'У9 Ввод'!$B$12:$B$251,$B8))) | W8: =IF($B8="","",IF(_xlfn.MINIFS('У10 Ввод'!$D$12:$D$251,'У10 Ввод'!$B$12:$B$251,$B8)=0,"",_xlfn.MINIFS('У10 Ввод'!$D$12:$D$251,'У10 Ввод'!$B$12:$B$251,$B8))) | X8: =IF($B8="","",IF(_xlfn.MAXIFS('У10 Ввод'!$F$12:$F$251,'У10 Ввод'!$B$12:$B$251,$B8)=0,"",_xlfn.MAXIFS('У10 Ввод'!$F$12:$F$251,'У10 Ввод'!$B$12:$B$251,$B8))) | Y8: =IF(COUNT(E8,G8,I8,K8,M8,O8,Q8,S8,U8,W8)=0,"",MIN(E8,G8,I8,K8,M8,O8,Q8,S8,U8,W8)) | Z8: =IF(COUNT(F8,H8,J8,L8,N8,P8,R8,T8,V8,X8)=0,"",MAX(F8,H8,J8,L8,N8,P8,R8,T8,V8,X8)) | AA8: =IF(OR(Y8="",Z8=""),"",Z8-Y8+1)
A9: 6 | B9: =IF('Реестр заказов'!B9="","",'Реестр заказов'!B9) | C9: =IF('Реестр заказов'!C9="","",'Реестр заказов'!C9) | D9: =IF('Реестр заказов'!E9="","",'Реестр заказов'!E9) | E9: =IF($B9="","",IF(_xlfn.MINIFS('У1 Ввод'!$D$12:$D$251,'У1 Ввод'!$B$12:$B$251,$B9)=0,"",_xlfn.MINIFS('У1 Ввод'!$D$12:$D$251,'У1 Ввод'!$B$12:$B$251,$B9))) | F9: =IF($B9="","",IF(_xlfn.MAXIFS('У1 Ввод'!$F$12:$F$251,'У1 Ввод'!$B$12:$B$251,$B9)=0,"",_xlfn.MAXIFS('У1 Ввод'!$F$12:$F$251,'У1 Ввод'!$B$12:$B$251,$B9))) | G9: =IF($B9="","",IF(_xlfn.MINIFS('У2 Ввод'!$D$12:$D$251,'У2 Ввод'!$B$12:$B$251,$B9)=0,"",_xlfn.MINIFS('У2 Ввод'!$D$12:$D$251,'У2 Ввод'!$B$12:$B$251,$B9))) | H9: =IF($B9="","",IF(_xlfn.MAXIFS('У2 Ввод'!$F$12:$F$251,'У2 Ввод'!$B$12:$B$251,$B9)=0,"",_xlfn.MAXIFS('У2 Ввод'!$F$12:$F$251,'У2 Ввод'!$B$12:$B$251,$B9))) | I9: =IF($B9="","",IF(_xlfn.MINIFS('У3 Ввод'!$D$12:$D$251,'У3 Ввод'!$B$12:$B$251,$B9)=0,"",_xlfn.MINIFS('У3 Ввод'!$D$12:$D$251,'У3 Ввод'!$B$12:$B$251,$B9))) | J9: =IF($B9="","",IF(_xlfn.MAXIFS('У3 Ввод'!$F$12:$F$251,'У3 Ввод'!$B$12:$B$251,$B9)=0,"",_xlfn.MAXIFS('У3 Ввод'!$F$12:$F$251,'У3 Ввод'!$B$12:$B$251,$B9))) | K9: =IF($B9="","",IF(_xlfn.MINIFS('У4 Ввод'!$D$12:$D$251,'У4 Ввод'!$B$12:$B$251,$B9)=0,"",_xlfn.MINIFS('У4 Ввод'!$D$12:$D$251,'У4 Ввод'!$B$12:$B$251,$B9))) | L9: =IF($B9="","",IF(_xlfn.MAXIFS('У4 Ввод'!$F$12:$F$251,'У4 Ввод'!$B$12:$B$251,$B9)=0,"",_xlfn.MAXIFS('У4 Ввод'!$F$12:$F$251,'У4 Ввод'!$B$12:$B$251,$B9))) | M9: =IF($B9="","",IF(_xlfn.MINIFS('У5 Ввод'!$D$12:$D$251,'У5 Ввод'!$B$12:$B$251,$B9)=0,"",_xlfn.MINIFS('У5 Ввод'!$D$12:$D$251,'У5 Ввод'!$B$12:$B$251,$B9))) | N9: =IF($B9="","",IF(_xlfn.MAXIFS('У5 Ввод'!$F$12:$F$251,'У5 Ввод'!$B$12:$B$251,$B9)=0,"",_xlfn.MAXIFS('У5 Ввод'!$F$12:$F$251,'У5 Ввод'!$B$12:$B$251,$B9))) | O9: =IF($B9="","",IF(_xlfn.MINIFS('У6 Ввод'!$D$12:$D$251,'У6 Ввод'!$B$12:$B$251,$B9)=0,"",_xlfn.MINIFS('У6 Ввод'!$D$12:$D$251,'У6 Ввод'!$B$12:$B$251,$B9))) | P9: =IF($B9="","",IF(_xlfn.MAXIFS('У6 Ввод'!$F$12:$F$251,'У6 Ввод'!$B$12:$B$251,$B9)=0,"",_xlfn.MAXIFS('У6 Ввод'!$F$12:$F$251,'У6 Ввод'!$B$12:$B$251,$B9))) | Q9: =IF($B9="","",IF(_xlfn.MINIFS('У7 Ввод'!$D$12:$D$251,'У7 Ввод'!$B$12:$B$251,$B9)=0,"",_xlfn.MINIFS('У7 Ввод'!$D$12:$D$251,'У7 Ввод'!$B$12:$B$251,$B9))) | R9: =IF($B9="","",IF(_xlfn.MAXIFS('У7 Ввод'!$F$12:$F$251,'У7 Ввод'!$B$12:$B$251,$B9)=0,"",_xlfn.MAXIFS('У7 Ввод'!$F$12:$F$251,'У7 Ввод'!$B$12:$B$251,$B9))) | S9: =IF($B9="","",IF(_xlfn.MINIFS('У8 Ввод'!$D$12:$D$251,'У8 Ввод'!$B$12:$B$251,$B9)=0,"",_xlfn.MINIFS('У8 Ввод'!$D$12:$D$251,'У8 Ввод'!$B$12:$B$251,$B9))) | T9: =IF($B9="","",IF(_xlfn.MAXIFS('У8 Ввод'!$F$12:$F$251,'У8 Ввод'!$B$12:$B$251,$B9)=0,"",_xlfn.MAXIFS('У8 Ввод'!$F$12:$F$251,'У8 Ввод'!$B$12:$B$251,$B9))) | U9: =IF($B9="","",IF(_xlfn.MINIFS('У9 Ввод'!$D$12:$D$251,'У9 Ввод'!$B$12:$B$251,$B9)=0,"",_xlfn.MINIFS('У9 Ввод'!$D$12:$D$251,'У9 Ввод'!$B$12:$B$251,$B9))) | V9: =IF($B9="","",IF(_xlfn.MAXIFS('У9 Ввод'!$F$12:$F$251,'У9 Ввод'!$B$12:$B$251,$B9)=0,"",_xlfn.MAXIFS('У9 Ввод'!$F$12:$F$251,'У9 Ввод'!$B$12:$B$251,$B9))) | W9: =IF($B9="","",IF(_xlfn.MINIFS('У10 Ввод'!$D$12:$D$251,'У10 Ввод'!$B$12:$B$251,$B9)=0,"",_xlfn.MINIFS('У10 Ввод'!$D$12:$D$251,'У10 Ввод'!$B$12:$B$251,$B9))) | X9: =IF($B9="","",IF(_xlfn.MAXIFS('У10 Ввод'!$F$12:$F$251,'У10 Ввод'!$B$12:$B$251,$B9)=0,"",_xlfn.MAXIFS('У10 Ввод'!$F$12:$F$251,'У10 Ввод'!$B$12:$B$251,$B9))) | Y9: =IF(COUNT(E9,G9,I9,K9,M9,O9,Q9,S9,U9,W9)=0,"",MIN(E9,G9,I9,K9,M9,O9,Q9,S9,U9,W9)) | Z9: =IF(COUNT(F9,H9,J9,L9,N9,P9,R9,T9,V9,X9)=0,"",MAX(F9,H9,J9,L9,N9,P9,R9,T9,V9,X9)) | AA9: =IF(OR(Y9="",Z9=""),"",Z9-Y9+1)
A10: 7 | B10: =IF('Реестр заказов'!B10="","",'Реестр заказов'!B10) | C10: =IF('Реестр заказов'!C10="","",'Реестр заказов'!C10) | D10: =IF('Реестр заказов'!E10="","",'Реестр заказов'!E10) | E10: =IF($B10="","",IF(_xlfn.MINIFS('У1 Ввод'!$D$12:$D$251,'У1 Ввод'!$B$12:$B$251,$B10)=0,"",_xlfn.MINIFS('У1 Ввод'!$D$12:$D$251,'У1 Ввод'!$B$12:$B$251,$B10))) | F10: =IF($B10="","",IF(_xlfn.MAXIFS('У1 Ввод'!$F$12:$F$251,'У1 Ввод'!$B$12:$B$251,$B10)=0,"",_xlfn.MAXIFS('У1 Ввод'!$F$12:$F$251,'У1 Ввод'!$B$12:$B$251,$B10))) | G10: =IF($B10="","",IF(_xlfn.MINIFS('У2 Ввод'!$D$12:$D$251,'У2 Ввод'!$B$12:$B$251,$B10)=0,"",_xlfn.MINIFS('У2 Ввод'!$D$12:$D$251,'У2 Ввод'!$B$12:$B$251,$B10))) | H10: =IF($B10="","",IF(_xlfn.MAXIFS('У2 Ввод'!$F$12:$F$251,'У2 Ввод'!$B$12:$B$251,$B10)=0,"",_xlfn.MAXIFS('У2 Ввод'!$F$12:$F$251,'У2 Ввод'!$B$12:$B$251,$B10))) | I10: =IF($B10="","",IF(_xlfn.MINIFS('У3 Ввод'!$D$12:$D$251,'У3 Ввод'!$B$12:$B$251,$B10)=0,"",_xlfn.MINIFS('У3 Ввод'!$D$12:$D$251,'У3 Ввод'!$B$12:$B$251,$B10))) | J10: =IF($B10="","",IF(_xlfn.MAXIFS('У3 Ввод'!$F$12:$F$251,'У3 Ввод'!$B$12:$B$251,$B10)=0,"",_xlfn.MAXIFS('У3 Ввод'!$F$12:$F$251,'У3 Ввод'!$B$12:$B$251,$B10))) | K10: =IF($B10="","",IF(_xlfn.MINIFS('У4 Ввод'!$D$12:$D$251,'У4 Ввод'!$B$12:$B$251,$B10)=0,"",_xlfn.MINIFS('У4 Ввод'!$D$12:$D$251,'У4 Ввод'!$B$12:$B$251,$B10))) | L10: =IF($B10="","",IF(_xlfn.MAXIFS('У4 Ввод'!$F$12:$F$251,'У4 Ввод'!$B$12:$B$251,$B10)=0,"",_xlfn.MAXIFS('У4 Ввод'!$F$12:$F$251,'У4 Ввод'!$B$12:$B$251,$B10))) | M10: =IF($B10="","",IF(_xlfn.MINIFS('У5 Ввод'!$D$12:$D$251,'У5 Ввод'!$B$12:$B$251,$B10)=0,"",_xlfn.MINIFS('У5 Ввод'!$D$12:$D$251,'У5 Ввод'!$B$12:$B$251,$B10))) | N10: =IF($B10="","",IF(_xlfn.MAXIFS('У5 Ввод'!$F$12:$F$251,'У5 Ввод'!$B$12:$B$251,$B10)=0,"",_xlfn.MAXIFS('У5 Ввод'!$F$12:$F$251,'У5 Ввод'!$B$12:$B$251,$B10))) | O10: =IF($B10="","",IF(_xlfn.MINIFS('У6 Ввод'!$D$12:$D$251,'У6 Ввод'!$B$12:$B$251,$B10)=0,"",_xlfn.MINIFS('У6 Ввод'!$D$12:$D$251,'У6 Ввод'!$B$12:$B$251,$B10))) | P10: =IF($B10="","",IF(_xlfn.MAXIFS('У6 Ввод'!$F$12:$F$251,'У6 Ввод'!$B$12:$B$251,$B10)=0,"",_xlfn.MAXIFS('У6 Ввод'!$F$12:$F$251,'У6 Ввод'!$B$12:$B$251,$B10))) | Q10: =IF($B10="","",IF(_xlfn.MINIFS('У7 Ввод'!$D$12:$D$251,'У7 Ввод'!$B$12:$B$251,$B10)=0,"",_xlfn.MINIFS('У7 Ввод'!$D$12:$D$251,'У7 Ввод'!$B$12:$B$251,$B10))) | R10: =IF($B10="","",IF(_xlfn.MAXIFS('У7 Ввод'!$F$12:$F$251,'У7 Ввод'!$B$12:$B$251,$B10)=0,"",_xlfn.MAXIFS('У7 Ввод'!$F$12:$F$251,'У7 Ввод'!$B$12:$B$251,$B10))) | S10: =IF($B10="","",IF(_xlfn.MINIFS('У8 Ввод'!$D$12:$D$251,'У8 Ввод'!$B$12:$B$251,$B10)=0,"",_xlfn.MINIFS('У8 Ввод'!$D$12:$D$251,'У8 Ввод'!$B$12:$B$251,$B10))) | T10: =IF($B10="","",IF(_xlfn.MAXIFS('У8 Ввод'!$F$12:$F$251,'У8 Ввод'!$B$12:$B$251,$B10)=0,"",_xlfn.MAXIFS('У8 Ввод'!$F$12:$F$251,'У8 Ввод'!$B$12:$B$251,$B10))) | U10: =IF($B10="","",IF(_xlfn.MINIFS('У9 Ввод'!$D$12:$D$251,'У9 Ввод'!$B$12:$B$251,$B10)=0,"",_xlfn.MINIFS('У9 Ввод'!$D$12:$D$251,'У9 Ввод'!$B$12:$B$251,$B10))) | V10: =IF($B10="","",IF(_xlfn.MAXIFS('У9 Ввод'!$F$12:$F$251,'У9 Ввод'!$B$12:$B$251,$B10)=0,"",_xlfn.MAXIFS('У9 Ввод'!$F$12:$F$251,'У9 Ввод'!$B$12:$B$251,$B10))) | W10: =IF($B10="","",IF(_xlfn.MINIFS('У10 Ввод'!$D$12:$D$251,'У10 Ввод'!$B$12:$B$251,$B10)=0,"",_xlfn.MINIFS('У10 Ввод'!$D$12:$D$251,'У10 Ввод'!$B$12:$B$251,$B10))) | X10: =IF($B10="","",IF(_xlfn.MAXIFS('У10 Ввод'!$F$12:$F$251,'У10 Ввод'!$B$12:$B$251,$B10)=0,"",_xlfn.MAXIFS('У10 Ввод'!$F$12:$F$251,'У10 Ввод'!$B$12:$B$251,$B10))) | Y10: =IF(COUNT(E10,G10,I10,K10,M10,O10,Q10,S10,U10,W10)=0,"",MIN(E10,G10,I10,K10,M10,O10,Q10,S10,U10,W10)) | Z10: =IF(COUNT(F10,H10,J10,L10,N10,P10,R10,T10,V10,X10)=0,"",MAX(F10,H10,J10,L10,N10,P10,R10,T10,V10,X10)) | AA10: =IF(OR(Y10="",Z10=""),"",Z10-Y10+1)
A11: 8 | B11: =IF('Реестр заказов'!B11="","",'Реестр заказов'!B11) | C11: =IF('Реестр заказов'!C11="","",'Реестр заказов'!C11) | D11: =IF('Реестр заказов'!E11="","",'Реестр заказов'!E11) | E11: =IF($B11="","",IF(_xlfn.MINIFS('У1 Ввод'!$D$12:$D$251,'У1 Ввод'!$B$12:$B$251,$B11)=0,"",_xlfn.MINIFS('У1 Ввод'!$D$12:$D$251,'У1 Ввод'!$B$12:$B$251,$B11))) | F11: =IF($B11="","",IF(_xlfn.MAXIFS('У1 Ввод'!$F$12:$F$251,'У1 Ввод'!$B$12:$B$251,$B11)=0,"",_xlfn.MAXIFS('У1 Ввод'!$F$12:$F$251,'У1 Ввод'!$B$12:$B$251,$B11))) | G11: =IF($B11="","",IF(_xlfn.MINIFS('У2 Ввод'!$D$12:$D$251,'У2 Ввод'!$B$12:$B$251,$B11)=0,"",_xlfn.MINIFS('У2 Ввод'!$D$12:$D$251,'У2 Ввод'!$B$12:$B$251,$B11))) | H11: =IF($B11="","",IF(_xlfn.MAXIFS('У2 Ввод'!$F$12:$F$251,'У2 Ввод'!$B$12:$B$251,$B11)=0,"",_xlfn.MAXIFS('У2 Ввод'!$F$12:$F$251,'У2 Ввод'!$B$12:$B$251,$B11))) | I11: =IF($B11="","",IF(_xlfn.MINIFS('У3 Ввод'!$D$12:$D$251,'У3 Ввод'!$B$12:$B$251,$B11)=0,"",_xlfn.MINIFS('У3 Ввод'!$D$12:$D$251,'У3 Ввод'!$B$12:$B$251,$B11))) | J11: =IF($B11="","",IF(_xlfn.MAXIFS('У3 Ввод'!$F$12:$F$251,'У3 Ввод'!$B$12:$B$251,$B11)=0,"",_xlfn.MAXIFS('У3 Ввод'!$F$12:$F$251,'У3 Ввод'!$B$12:$B$251,$B11))) | K11: =IF($B11="","",IF(_xlfn.MINIFS('У4 Ввод'!$D$12:$D$251,'У4 Ввод'!$B$12:$B$251,$B11)=0,"",_xlfn.MINIFS('У4 Ввод'!$D$12:$D$251,'У4 Ввод'!$B$12:$B$251,$B11))) | L11: =IF($B11="","",IF(_xlfn.MAXIFS('У4 Ввод'!$F$12:$F$251,'У4 Ввод'!$B$12:$B$251,$B11)=0,"",_xlfn.MAXIFS('У4 Ввод'!$F$12:$F$251,'У4 Ввод'!$B$12:$B$251,$B11))) | M11: =IF($B11="","",IF(_xlfn.MINIFS('У5 Ввод'!$D$12:$D$251,'У5 Ввод'!$B$12:$B$251,$B11)=0,"",_xlfn.MINIFS('У5 Ввод'!$D$12:$D$251,'У5 Ввод'!$B$12:$B$251,$B11))) | N11: =IF($B11="","",IF(_xlfn.MAXIFS('У5 Ввод'!$F$12:$F$251,'У5 Ввод'!$B$12:$B$251,$B11)=0,"",_xlfn.MAXIFS('У5 Ввод'!$F$12:$F$251,'У5 Ввод'!$B$12:$B$251,$B11))) | O11: =IF($B11="","",IF(_xlfn.MINIFS('У6 Ввод'!$D$12:$D$251,'У6 Ввод'!$B$12:$B$251,$B11)=0,"",_xlfn.MINIFS('У6 Ввод'!$D$12:$D$251,'У6 Ввод'!$B$12:$B$251,$B11))) | P11: =IF($B11="","",IF(_xlfn.MAXIFS('У6 Ввод'!$F$12:$F$251,'У6 Ввод'!$B$12:$B$251,$B11)=0,"",_xlfn.MAXIFS('У6 Ввод'!$F$12:$F$251,'У6 Ввод'!$B$12:$B$251,$B11))) | Q11: =IF($B11="","",IF(_xlfn.MINIFS('У7 Ввод'!$D$12:$D$251,'У7 Ввод'!$B$12:$B$251,$B11)=0,"",_xlfn.MINIFS('У7 Ввод'!$D$12:$D$251,'У7 Ввод'!$B$12:$B$251,$B11))) | R11: =IF($B11="","",IF(_xlfn.MAXIFS('У7 Ввод'!$F$12:$F$251,'У7 Ввод'!$B$12:$B$251,$B11)=0,"",_xlfn.MAXIFS('У7 Ввод'!$F$12:$F$251,'У7 Ввод'!$B$12:$B$251,$B11))) | S11: =IF($B11="","",IF(_xlfn.MINIFS('У8 Ввод'!$D$12:$D$251,'У8 Ввод'!$B$12:$B$251,$B11)=0,"",_xlfn.MINIFS('У8 Ввод'!$D$12:$D$251,'У8 Ввод'!$B$12:$B$251,$B11))) | T11: =IF($B11="","",IF(_xlfn.MAXIFS('У8 Ввод'!$F$12:$F$251,'У8 Ввод'!$B$12:$B$251,$B11)=0,"",_xlfn.MAXIFS('У8 Ввод'!$F$12:$F$251,'У8 Ввод'!$B$12:$B$251,$B11))) | U11: =IF($B11="","",IF(_xlfn.MINIFS('У9 Ввод'!$D$12:$D$251,'У9 Ввод'!$B$12:$B$251,$B11)=0,"",_xlfn.MINIFS('У9 Ввод'!$D$12:$D$251,'У9 Ввод'!$B$12:$B$251,$B11))) | V11: =IF($B11="","",IF(_xlfn.MAXIFS('У9 Ввод'!$F$12:$F$251,'У9 Ввод'!$B$12:$B$251,$B11)=0,"",_xlfn.MAXIFS('У9 Ввод'!$F$12:$F$251,'У9 Ввод'!$B$12:$B$251,$B11))) | W11: =IF($B11="","",IF(_xlfn.MINIFS('У10 Ввод'!$D$12:$D$251,'У10 Ввод'!$B$12:$B$251,$B11)=0,"",_xlfn.MINIFS('У10 Ввод'!$D$12:$D$251,'У10 Ввод'!$B$12:$B$251,$B11))) | X11: =IF($B11="","",IF(_xlfn.MAXIFS('У10 Ввод'!$F$12:$F$251,'У10 Ввод'!$B$12:$B$251,$B11)=0,"",_xlfn.MAXIFS('У10 Ввод'!$F$12:$F$251,'У10 Ввод'!$B$12:$B$251,$B11))) | Y11: =IF(COUNT(E11,G11,I11,K11,M11,O11,Q11,S11,U11,W11)=0,"",MIN(E11,G11,I11,K11,M11,O11,Q11,S11,U11,W11)) | Z11: =IF(COUNT(F11,H11,J11,L11,N11,P11,R11,T11,V11,X11)=0,"",MAX(F11,H11,J11,L11,N11,P11,R11,T11,V11,X11)) | AA11: =IF(OR(Y11="",Z11=""),"",Z11-Y11+1)
A12: 9 | B12: =IF('Реестр заказов'!B12="","",'Реестр заказов'!B12) | C12: =IF('Реестр заказов'!C12="","",'Реестр заказов'!C12) | D12: =IF('Реестр заказов'!E12="","",'Реестр заказов'!E12) | E12: =IF($B12="","",IF(_xlfn.MINIFS('У1 Ввод'!$D$12:$D$251,'У1 Ввод'!$B$12:$B$251,$B12)=0,"",_xlfn.MINIFS('У1 Ввод'!$D$12:$D$251,'У1 Ввод'!$B$12:$B$251,$B12))) | F12: =IF($B12="","",IF(_xlfn.MAXIFS('У1 Ввод'!$F$12:$F$251,'У1 Ввод'!$B$12:$B$251,$B12)=0,"",_xlfn.MAXIFS('У1 Ввод'!$F$12:$F$251,'У1 Ввод'!$B$12:$B$251,$B12))) | G12: =IF($B12="","",IF(_xlfn.MINIFS('У2 Ввод'!$D$12:$D$251,'У2 Ввод'!$B$12:$B$251,$B12)=0,"",_xlfn.MINIFS('У2 Ввод'!$D$12:$D$251,'У2 Ввод'!$B$12:$B$251,$B12))) | H12: =IF($B12="","",IF(_xlfn.MAXIFS('У2 Ввод'!$F$12:$F$251,'У2 Ввод'!$B$12:$B$251,$B12)=0,"",_xlfn.MAXIFS('У2 Ввод'!$F$12:$F$251,'У2 Ввод'!$B$12:$B$251,$B12))) | I12: =IF($B12="","",IF(_xlfn.MINIFS('У3 Ввод'!$D$12:$D$251,'У3 Ввод'!$B$12:$B$251,$B12)=0,"",_xlfn.MINIFS('У3 Ввод'!$D$12:$D$251,'У3 Ввод'!$B$12:$B$251,$B12))) | J12: =IF($B12="","",IF(_xlfn.MAXIFS('У3 Ввод'!$F$12:$F$251,'У3 Ввод'!$B$12:$B$251,$B12)=0,"",_xlfn.MAXIFS('У3 Ввод'!$F$12:$F$251,'У3 Ввод'!$B$12:$B$251,$B12))) | K12: =IF($B12="","",IF(_xlfn.MINIFS('У4 Ввод'!$D$12:$D$251,'У4 Ввод'!$B$12:$B$251,$B12)=0,"",_xlfn.MINIFS('У4 Ввод'!$D$12:$D$251,'У4 Ввод'!$B$12:$B$251,$B12))) | L12: =IF($B12="","",IF(_xlfn.MAXIFS('У4 Ввод'!$F$12:$F$251,'У4 Ввод'!$B$12:$B$251,$B12)=0,"",_xlfn.MAXIFS('У4 Ввод'!$F$12:$F$251,'У4 Ввод'!$B$12:$B$251,$B12))) | M12: =IF($B12="","",IF(_xlfn.MINIFS('У5 Ввод'!$D$12:$D$251,'У5 Ввод'!$B$12:$B$251,$B12)=0,"",_xlfn.MINIFS('У5 Ввод'!$D$12:$D$251,'У5 Ввод'!$B$12:$B$251,$B12))) | N12: =IF($B12="","",IF(_xlfn.MAXIFS('У5 Ввод'!$F$12:$F$251,'У5 Ввод'!$B$12:$B$251,$B12)=0,"",_xlfn.MAXIFS('У5 Ввод'!$F$12:$F$251,'У5 Ввод'!$B$12:$B$251,$B12))) | O12: =IF($B12="","",IF(_xlfn.MINIFS('У6 Ввод'!$D$12:$D$251,'У6 Ввод'!$B$12:$B$251,$B12)=0,"",_xlfn.MINIFS('У6 Ввод'!$D$12:$D$251,'У6 Ввод'!$B$12:$B$251,$B12))) | P12: =IF($B12="","",IF(_xlfn.MAXIFS('У6 Ввод'!$F$12:$F$251,'У6 Ввод'!$B$12:$B$251,$B12)=0,"",_xlfn.MAXIFS('У6 Ввод'!$F$12:$F$251,'У6 Ввод'!$B$12:$B$251,$B12))) | Q12: =IF($B12="","",IF(_xlfn.MINIFS('У7 Ввод'!$D$12:$D$251,'У7 Ввод'!$B$12:$B$251,$B12)=0,"",_xlfn.MINIFS('У7 Ввод'!$D$12:$D$251,'У7 Ввод'!$B$12:$B$251,$B12))) | R12: =IF($B12="","",IF(_xlfn.MAXIFS('У7 Ввод'!$F$12:$F$251,'У7 Ввод'!$B$12:$B$251,$B12)=0,"",_xlfn.MAXIFS('У7 Ввод'!$F$12:$F$251,'У7 Ввод'!$B$12:$B$251,$B12))) | S12: =IF($B12="","",IF(_xlfn.MINIFS('У8 Ввод'!$D$12:$D$251,'У8 Ввод'!$B$12:$B$251,$B12)=0,"",_xlfn.MINIFS('У8 Ввод'!$D$12:$D$251,'У8 Ввод'!$B$12:$B$251,$B12))) | T12: =IF($B12="","",IF(_xlfn.MAXIFS('У8 Ввод'!$F$12:$F$251,'У8 Ввод'!$B$12:$B$251,$B12)=0,"",_xlfn.MAXIFS('У8 Ввод'!$F$12:$F$251,'У8 Ввод'!$B$12:$B$251,$B12))) | U12: =IF($B12="","",IF(_xlfn.MINIFS('У9 Ввод'!$D$12:$D$251,'У9 Ввод'!$B$12:$B$251,$B12)=0,"",_xlfn.MINIFS('У9 Ввод'!$D$12:$D$251,'У9 Ввод'!$B$12:$B$251,$B12))) | V12: =IF($B12="","",IF(_xlfn.MAXIFS('У9 Ввод'!$F$12:$F$251,'У9 Ввод'!$B$12:$B$251,$B12)=0,"",_xlfn.MAXIFS('У9 Ввод'!$F$12:$F$251,'У9 Ввод'!$B$12:$B$251,$B12))) | W12: =IF($B12="","",IF(_xlfn.MINIFS('У10 Ввод'!$D$12:$D$251,'У10 Ввод'!$B$12:$B$251,$B12)=0,"",_xlfn.MINIFS('У10 Ввод'!$D$12:$D$251,'У10 Ввод'!$B$12:$B$251,$B12))) | X12: =IF($B12="","",IF(_xlfn.MAXIFS('У10 Ввод'!$F$12:$F$251,'У10 Ввод'!$B$12:$B$251,$B12)=0,"",_xlfn.MAXIFS('У10 Ввод'!$F$12:$F$251,'У10 Ввод'!$B$12:$B$251,$B12))) | Y12: =IF(COUNT(E12,G12,I12,K12,M12,O12,Q12,S12,U12,W12)=0,"",MIN(E12,G12,I12,K12,M12,O12,Q12,S12,U12,W12)) | Z12: =IF(COUNT(F12,H12,J12,L12,N12,P12,R12,T12,V12,X12)=0,"",MAX(F12,H12,J12,L12,N12,P12,R12,T12,V12,X12)) | AA12: =IF(OR(Y12="",Z12=""),"",Z12-Y12+1)
A13: 10 | B13: =IF('Реестр заказов'!B13="","",'Реестр заказов'!B13) | C13: =IF('Реестр заказов'!C13="","",'Реестр заказов'!C13) | D13: =IF('Реестр заказов'!E13="","",'Реестр заказов'!E13) | E13: =IF($B13="","",IF(_xlfn.MINIFS('У1 Ввод'!$D$12:$D$251,'У1 Ввод'!$B$12:$B$251,$B13)=0,"",_xlfn.MINIFS('У1 Ввод'!$D$12:$D$251,'У1 Ввод'!$B$12:$B$251,$B13))) | F13: =IF($B13="","",IF(_xlfn.MAXIFS('У1 Ввод'!$F$12:$F$251,'У1 Ввод'!$B$12:$B$251,$B13)=0,"",_xlfn.MAXIFS('У1 Ввод'!$F$12:$F$251,'У1 Ввод'!$B$12:$B$251,$B13))) | G13: =IF($B13="","",IF(_xlfn.MINIFS('У2 Ввод'!$D$12:$D$251,'У2 Ввод'!$B$12:$B$251,$B13)=0,"",_xlfn.MINIFS('У2 Ввод'!$D$12:$D$251,'У2 Ввод'!$B$12:$B$251,$B13))) | H13: =IF($B13="","",IF(_xlfn.MAXIFS('У2 Ввод'!$F$12:$F$251,'У2 Ввод'!$B$12:$B$251,$B13)=0,"",_xlfn.MAXIFS('У2 Ввод'!$F$12:$F$251,'У2 Ввод'!$B$12:$B$251,$B13))) | I13: =IF($B13="","",IF(_xlfn.MINIFS('У3 Ввод'!$D$12:$D$251,'У3 Ввод'!$B$12:$B$251,$B13)=0,"",_xlfn.MINIFS('У3 Ввод'!$D$12:$D$251,'У3 Ввод'!$B$12:$B$251,$B13))) | J13: =IF($B13="","",IF(_xlfn.MAXIFS('У3 Ввод'!$F$12:$F$251,'У3 Ввод'!$B$12:$B$251,$B13)=0,"",_xlfn.MAXIFS('У3 Ввод'!$F$12:$F$251,'У3 Ввод'!$B$12:$B$251,$B13))) | K13: =IF($B13="","",IF(_xlfn.MINIFS('У4 Ввод'!$D$12:$D$251,'У4 Ввод'!$B$12:$B$251,$B13)=0,"",_xlfn.MINIFS('У4 Ввод'!$D$12:$D$251,'У4 Ввод'!$B$12:$B$251,$B13))) | L13: =IF($B13="","",IF(_xlfn.MAXIFS('У4 Ввод'!$F$12:$F$251,'У4 Ввод'!$B$12:$B$251,$B13)=0,"",_xlfn.MAXIFS('У4 Ввод'!$F$12:$F$251,'У4 Ввод'!$B$12:$B$251,$B13))) | M13: =IF($B13="","",IF(_xlfn.MINIFS('У5 Ввод'!$D$12:$D$251,'У5 Ввод'!$B$12:$B$251,$B13)=0,"",_xlfn.MINIFS('У5 Ввод'!$D$12:$D$251,'У5 Ввод'!$B$12:$B$251,$B13))) | N13: =IF($B13="","",IF(_xlfn.MAXIFS('У5 Ввод'!$F$12:$F$251,'У5 Ввод'!$B$12:$B$251,$B13)=0,"",_xlfn.MAXIFS('У5 Ввод'!$F$12:$F$251,'У5 Ввод'!$B$12:$B$251,$B13))) | O13: =IF($B13="","",IF(_xlfn.MINIFS('У6 Ввод'!$D$12:$D$251,'У6 Ввод'!$B$12:$B$251,$B13)=0,"",_xlfn.MINIFS('У6 Ввод'!$D$12:$D$251,'У6 Ввод'!$B$12:$B$251,$B13))) | P13: =IF($B13="","",IF(_xlfn.MAXIFS('У6 Ввод'!$F$12:$F$251,'У6 Ввод'!$B$12:$B$251,$B13)=0,"",_xlfn.MAXIFS('У6 Ввод'!$F$12:$F$251,'У6 Ввод'!$B$12:$B$251,$B13))) | Q13: =IF($B13="","",IF(_xlfn.MINIFS('У7 Ввод'!$D$12:$D$251,'У7 Ввод'!$B$12:$B$251,$B13)=0,"",_xlfn.MINIFS('У7 Ввод'!$D$12:$D$251,'У7 Ввод'!$B$12:$B$251,$B13))) | R13: =IF($B13="","",IF(_xlfn.MAXIFS('У7 Ввод'!$F$12:$F$251,'У7 Ввод'!$B$12:$B$251,$B13)=0,"",_xlfn.MAXIFS('У7 Ввод'!$F$12:$F$251,'У7 Ввод'!$B$12:$B$251,$B13))) | S13: =IF($B13="","",IF(_xlfn.MINIFS('У8 Ввод'!$D$12:$D$251,'У8 Ввод'!$B$12:$B$251,$B13)=0,"",_xlfn.MINIFS('У8 Ввод'!$D$12:$D$251,'У8 Ввод'!$B$12:$B$251,$B13))) | T13: =IF($B13="","",IF(_xlfn.MAXIFS('У8 Ввод'!$F$12:$F$251,'У8 Ввод'!$B$12:$B$251,$B13)=0,"",_xlfn.MAXIFS('У8 Ввод'!$F$12:$F$251,'У8 Ввод'!$B$12:$B$251,$B13))) | U13: =IF($B13="","",IF(_xlfn.MINIFS('У9 Ввод'!$D$12:$D$251,'У9 Ввод'!$B$12:$B$251,$B13)=0,"",_xlfn.MINIFS('У9 Ввод'!$D$12:$D$251,'У9 Ввод'!$B$12:$B$251,$B13))) | V13: =IF($B13="","",IF(_xlfn.MAXIFS('У9 Ввод'!$F$12:$F$251,'У9 Ввод'!$B$12:$B$251,$B13)=0,"",_xlfn.MAXIFS('У9 Ввод'!$F$12:$F$251,'У9 Ввод'!$B$12:$B$251,$B13))) | W13: =IF($B13="","",IF(_xlfn.MINIFS('У10 Ввод'!$D$12:$D$251,'У10 Ввод'!$B$12:$B$251,$B13)=0,"",_xlfn.MINIFS('У10 Ввод'!$D$12:$D$251,'У10 Ввод'!$B$12:$B$251,$B13))) | X13: =IF($B13="","",IF(_xlfn.MAXIFS('У10 Ввод'!$F$12:$F$251,'У10 Ввод'!$B$12:$B$251,$B13)=0,"",_xlfn.MAXIFS('У10 Ввод'!$F$12:$F$251,'У10 Ввод'!$B$12:$B$251,$B13))) | Y13: =IF(COUNT(E13,G13,I13,K13,M13,O13,Q13,S13,U13,W13)=0,"",MIN(E13,G13,I13,K13,M13,O13,Q13,S13,U13,W13)) | Z13: =IF(COUNT(F13,H13,J13,L13,N13,P13,R13,T13,V13,X13)=0,"",MAX(F13,H13,J13,L13,N13,P13,R13,T13,V13,X13)) | AA13: =IF(OR(Y13="",Z13=""),"",Z13-Y13+1)
A14: 11 | B14: =IF('Реестр заказов'!B14="","",'Реестр заказов'!B14) | C14: =IF('Реестр заказов'!C14="","",'Реестр заказов'!C14) | D14: =IF('Реестр заказов'!E14="","",'Реестр заказов'!E14) | E14: =IF($B14="","",IF(_xlfn.MINIFS('У1 Ввод'!$D$12:$D$251,'У1 Ввод'!$B$12:$B$251,$B14)=0,"",_xlfn.MINIFS('У1 Ввод'!$D$12:$D$251,'У1 Ввод'!$B$12:$B$251,$B14))) | F14: =IF($B14="","",IF(_xlfn.MAXIFS('У1 Ввод'!$F$12:$F$251,'У1 Ввод'!$B$12:$B$251,$B14)=0,"",_xlfn.MAXIFS('У1 Ввод'!$F$12:$F$251,'У1 Ввод'!$B$12:$B$251,$B14))) | G14: =IF($B14="","",IF(_xlfn.MINIFS('У2 Ввод'!$D$12:$D$251,'У2 Ввод'!$B$12:$B$251,$B14)=0,"",_xlfn.MINIFS('У2 Ввод'!$D$12:$D$251,'У2 Ввод'!$B$12:$B$251,$B14))) | H14: =IF($B14="","",IF(_xlfn.MAXIFS('У2 Ввод'!$F$12:$F$251,'У2 Ввод'!$B$12:$B$251,$B14)=0,"",_xlfn.MAXIFS('У2 Ввод'!$F$12:$F$251,'У2 Ввод'!$B$12:$B$251,$B14))) | I14: =IF($B14="","",IF(_xlfn.MINIFS('У3 Ввод'!$D$12:$D$251,'У3 Ввод'!$B$12:$B$251,$B14)=0,"",_xlfn.MINIFS('У3 Ввод'!$D$12:$D$251,'У3 Ввод'!$B$12:$B$251,$B14))) | J14: =IF($B14="","",IF(_xlfn.MAXIFS('У3 Ввод'!$F$12:$F$251,'У3 Ввод'!$B$12:$B$251,$B14)=0,"",_xlfn.MAXIFS('У3 Ввод'!$F$12:$F$251,'У3 Ввод'!$B$12:$B$251,$B14))) | K14: =IF($B14="","",IF(_xlfn.MINIFS('У4 Ввод'!$D$12:$D$251,'У4 Ввод'!$B$12:$B$251,$B14)=0,"",_xlfn.MINIFS('У4 Ввод'!$D$12:$D$251,'У4 Ввод'!$B$12:$B$251,$B14))) | L14: =IF($B14="","",IF(_xlfn.MAXIFS('У4 Ввод'!$F$12:$F$251,'У4 Ввод'!$B$12:$B$251,$B14)=0,"",_xlfn.MAXIFS('У4 Ввод'!$F$12:$F$251,'У4 Ввод'!$B$12:$B$251,$B14))) | M14: =IF($B14="","",IF(_xlfn.MINIFS('У5 Ввод'!$D$12:$D$251,'У5 Ввод'!$B$12:$B$251,$B14)=0,"",_xlfn.MINIFS('У5 Ввод'!$D$12:$D$251,'У5 Ввод'!$B$12:$B$251,$B14))) | N14: =IF($B14="","",IF(_xlfn.MAXIFS('У5 Ввод'!$F$12:$F$251,'У5 Ввод'!$B$12:$B$251,$B14)=0,"",_xlfn.MAXIFS('У5 Ввод'!$F$12:$F$251,'У5 Ввод'!$B$12:$B$251,$B14))) | O14: =IF($B14="","",IF(_xlfn.MINIFS('У6 Ввод'!$D$12:$D$251,'У6 Ввод'!$B$12:$B$251,$B14)=0,"",_xlfn.MINIFS('У6 Ввод'!$D$12:$D$251,'У6 Ввод'!$B$12:$B$251,$B14))) | P14: =IF($B14="","",IF(_xlfn.MAXIFS('У6 Ввод'!$F$12:$F$251,'У6 Ввод'!$B$12:$B$251,$B14)=0,"",_xlfn.MAXIFS('У6 Ввод'!$F$12:$F$251,'У6 Ввод'!$B$12:$B$251,$B14))) | Q14: =IF($B14="","",IF(_xlfn.MINIFS('У7 Ввод'!$D$12:$D$251,'У7 Ввод'!$B$12:$B$251,$B14)=0,"",_xlfn.MINIFS('У7 Ввод'!$D$12:$D$251,'У7 Ввод'!$B$12:$B$251,$B14))) | R14: =IF($B14="","",IF(_xlfn.MAXIFS('У7 Ввод'!$F$12:$F$251,'У7 Ввод'!$B$12:$B$251,$B14)=0,"",_xlfn.MAXIFS('У7 Ввод'!$F$12:$F$251,'У7 Ввод'!$B$12:$B$251,$B14))) | S14: =IF($B14="","",IF(_xlfn.MINIFS('У8 Ввод'!$D$12:$D$251,'У8 Ввод'!$B$12:$B$251,$B14)=0,"",_xlfn.MINIFS('У8 Ввод'!$D$12:$D$251,'У8 Ввод'!$B$12:$B$251,$B14))) | T14: =IF($B14="","",IF(_xlfn.MAXIFS('У8 Ввод'!$F$12:$F$251,'У8 Ввод'!$B$12:$B$251,$B14)=0,"",_xlfn.MAXIFS('У8 Ввод'!$F$12:$F$251,'У8 Ввод'!$B$12:$B$251,$B14))) | U14: =IF($B14="","",IF(_xlfn.MINIFS('У9 Ввод'!$D$12:$D$251,'У9 Ввод'!$B$12:$B$251,$B14)=0,"",_xlfn.MINIFS('У9 Ввод'!$D$12:$D$251,'У9 Ввод'!$B$12:$B$251,$B14))) | V14: =IF($B14="","",IF(_xlfn.MAXIFS('У9 Ввод'!$F$12:$F$251,'У9 Ввод'!$B$12:$B$251,$B14)=0,"",_xlfn.MAXIFS('У9 Ввод'!$F$12:$F$251,'У9 Ввод'!$B$12:$B$251,$B14))) | W14: =IF($B14="","",IF(_xlfn.MINIFS('У10 Ввод'!$D$12:$D$251,'У10 Ввод'!$B$12:$B$251,$B14)=0,"",_xlfn.MINIFS('У10 Ввод'!$D$12:$D$251,'У10 Ввод'!$B$12:$B$251,$B14))) | X14: =IF($B14="","",IF(_xlfn.MAXIFS('У10 Ввод'!$F$12:$F$251,'У10 Ввод'!$B$12:$B$251,$B14)=0,"",_xlfn.MAXIFS('У10 Ввод'!$F$12:$F$251,'У10 Ввод'!$B$12:$B$251,$B14))) | Y14: =IF(COUNT(E14,G14,I14,K14,M14,O14,Q14,S14,U14,W14)=0,"",MIN(E14,G14,I14,K14,M14,O14,Q14,S14,U14,W14)) | Z14: =IF(COUNT(F14,H14,J14,L14,N14,P14,R14,T14,V14,X14)=0,"",MAX(F14,H14,J14,L14,N14,P14,R14,T14,V14,X14)) | AA14: =IF(OR(Y14="",Z14=""),"",Z14-Y14+1)
A15: 12 | B15: =IF('Реестр заказов'!B15="","",'Реестр заказов'!B15) | C15: =IF('Реестр заказов'!C15="","",'Реестр заказов'!C15) | D15: =IF('Реестр заказов'!E15="","",'Реестр заказов'!E15) | E15: =IF($B15="","",IF(_xlfn.MINIFS('У1 Ввод'!$D$12:$D$251,'У1 Ввод'!$B$12:$B$251,$B15)=0,"",_xlfn.MINIFS('У1 Ввод'!$D$12:$D$251,'У1 Ввод'!$B$12:$B$251,$B15))) | F15: =IF($B15="","",IF(_xlfn.MAXIFS('У1 Ввод'!$F$12:$F$251,'У1 Ввод'!$B$12:$B$251,$B15)=0,"",_xlfn.MAXIFS('У1 Ввод'!$F$12:$F$251,'У1 Ввод'!$B$12:$B$251,$B15))) | G15: =IF($B15="","",IF(_xlfn.MINIFS('У2 Ввод'!$D$12:$D$251,'У2 Ввод'!$B$12:$B$251,$B15)=0,"",_xlfn.MINIFS('У2 Ввод'!$D$12:$D$251,'У2 Ввод'!$B$12:$B$251,$B15))) | H15: =IF($B15="","",IF(_xlfn.MAXIFS('У2 Ввод'!$F$12:$F$251,'У2 Ввод'!$B$12:$B$251,$B15)=0,"",_xlfn.MAXIFS('У2 Ввод'!$F$12:$F$251,'У2 Ввод'!$B$12:$B$251,$B15))) | I15: =IF($B15="","",IF(_xlfn.MINIFS('У3 Ввод'!$D$12:$D$251,'У3 Ввод'!$B$12:$B$251,$B15)=0,"",_xlfn.MINIFS('У3 Ввод'!$D$12:$D$251,'У3 Ввод'!$B$12:$B$251,$B15))) | J15: =IF($B15="","",IF(_xlfn.MAXIFS('У3 Ввод'!$F$12:$F$251,'У3 Ввод'!$B$12:$B$251,$B15)=0,"",_xlfn.MAXIFS('У3 Ввод'!$F$12:$F$251,'У3 Ввод'!$B$12:$B$251,$B15))) | K15: =IF($B15="","",IF(_xlfn.MINIFS('У4 Ввод'!$D$12:$D$251,'У4 Ввод'!$B$12:$B$251,$B15)=0,"",_xlfn.MINIFS('У4 Ввод'!$D$12:$D$251,'У4 Ввод'!$B$12:$B$251,$B15))) | L15: =IF($B15="","",IF(_xlfn.MAXIFS('У4 Ввод'!$F$12:$F$251,'У4 Ввод'!$B$12:$B$251,$B15)=0,"",_xlfn.MAXIFS('У4 Ввод'!$F$12:$F$251,'У4 Ввод'!$B$12:$B$251,$B15))) | M15: =IF($B15="","",IF(_xlfn.MINIFS('У5 Ввод'!$D$12:$D$251,'У5 Ввод'!$B$12:$B$251,$B15)=0,"",_xlfn.MINIFS('У5 Ввод'!$D$12:$D$251,'У5 Ввод'!$B$12:$B$251,$B15))) | N15: =IF($B15="","",IF(_xlfn.MAXIFS('У5 Ввод'!$F$12:$F$251,'У5 Ввод'!$B$12:$B$251,$B15)=0,"",_xlfn.MAXIFS('У5 Ввод'!$F$12:$F$251,'У5 Ввод'!$B$12:$B$251,$B15))) | O15: =IF($B15="","",IF(_xlfn.MINIFS('У6 Ввод'!$D$12:$D$251,'У6 Ввод'!$B$12:$B$251,$B15)=0,"",_xlfn.MINIFS('У6 Ввод'!$D$12:$D$251,'У6 Ввод'!$B$12:$B$251,$B15))) | P15: =IF($B15="","",IF(_xlfn.MAXIFS('У6 Ввод'!$F$12:$F$251,'У6 Ввод'!$B$12:$B$251,$B15)=0,"",_xlfn.MAXIFS('У6 Ввод'!$F$12:$F$251,'У6 Ввод'!$B$12:$B$251,$B15))) | Q15: =IF($B15="","",IF(_xlfn.MINIFS('У7 Ввод'!$D$12:$D$251,'У7 Ввод'!$B$12:$B$251,$B15)=0,"",_xlfn.MINIFS('У7 Ввод'!$D$12:$D$251,'У7 Ввод'!$B$12:$B$251,$B15))) | R15: =IF($B15="","",IF(_xlfn.MAXIFS('У7 Ввод'!$F$12:$F$251,'У7 Ввод'!$B$12:$B$251,$B15)=0,"",_xlfn.MAXIFS('У7 Ввод'!$F$12:$F$251,'У7 Ввод'!$B$12:$B$251,$B15))) | S15: =IF($B15="","",IF(_xlfn.MINIFS('У8 Ввод'!$D$12:$D$251,'У8 Ввод'!$B$12:$B$251,$B15)=0,"",_xlfn.MINIFS('У8 Ввод'!$D$12:$D$251,'У8 Ввод'!$B$12:$B$251,$B15))) | T15: =IF($B15="","",IF(_xlfn.MAXIFS('У8 Ввод'!$F$12:$F$251,'У8 Ввод'!$B$12:$B$251,$B15)=0,"",_xlfn.MAXIFS('У8 Ввод'!$F$12:$F$251,'У8 Ввод'!$B$12:$B$251,$B15))) | U15: =IF($B15="","",IF(_xlfn.MINIFS('У9 Ввод'!$D$12:$D$251,'У9 Ввод'!$B$12:$B$251,$B15)=0,"",_xlfn.MINIFS('У9 Ввод'!$D$12:$D$251,'У9 Ввод'!$B$12:$B$251,$B15))) | V15: =IF($B15="","",IF(_xlfn.MAXIFS('У9 Ввод'!$F$12:$F$251,'У9 Ввод'!$B$12:$B$251,$B15)=0,"",_xlfn.MAXIFS('У9 Ввод'!$F$12:$F$251,'У9 Ввод'!$B$12:$B$251,$B15))) | W15: =IF($B15="","",IF(_xlfn.MINIFS('У10 Ввод'!$D$12:$D$251,'У10 Ввод'!$B$12:$B$251,$B15)=0,"",_xlfn.MINIFS('У10 Ввод'!$D$12:$D$251,'У10 Ввод'!$B$12:$B$251,$B15))) | X15: =IF($B15="","",IF(_xlfn.MAXIFS('У10 Ввод'!$F$12:$F$251,'У10 Ввод'!$B$12:$B$251,$B15)=0,"",_xlfn.MAXIFS('У10 Ввод'!$F$12:$F$251,'У10 Ввод'!$B$12:$B$251,$B15))) | Y15: =IF(COUNT(E15,G15,I15,K15,M15,O15,Q15,S15,U15,W15)=0,"",MIN(E15,G15,I15,K15,M15,O15,Q15,S15,U15,W15)) | Z15: =IF(COUNT(F15,H15,J15,L15,N15,P15,R15,T15,V15,X15)=0,"",MAX(F15,H15,J15,L15,N15,P15,R15,T15,V15,X15)) | AA15: =IF(OR(Y15="",Z15=""),"",Z15-Y15+1)
... A33: 30 | B33: =IF('Реестр заказов'!B33="","",'Реестр заказов'!B33) | C33: =IF('Реестр заказов'!C33="","",'Реестр заказов'!C33) | D33: =IF('Реестр заказов'!E33="","",'Реестр заказов'!E33) | E33: =IF($B33="","",IF(_xlfn.MINIFS('У1 Ввод'!$D$12:$D$251,'У1 Ввод'!$B$12:$B$251,$B33)=0,"",_xlfn.MINIFS('У1 Ввод'!$D$12:$D$251,'У1 Ввод'!$B$12:$B$251,$B33))) | F33: =IF($B33="","",IF(_xlfn.MAXIFS('У1 Ввод'!$F$12:$F$251,'У1 Ввод'!$B$12:$B$251,$B33)=0,"",_xlfn.MAXIFS('У1 Ввод'!$F$12:$F$251,'У1 Ввод'!$B$12:$B$251,$B33))) | G33: =IF($B33="","",IF(_xlfn.MINIFS('У2 Ввод'!$D$12:$D$251,'У2 Ввод'!$B$12:$B$251,$B33)=0,"",_xlfn.MINIFS('У2 Ввод'!$D$12:$D$251,'У2 Ввод'!$B$12:$B$251,$B33))) | H33: =IF($B33="","",IF(_xlfn.MAXIFS('У2 Ввод'!$F$12:$F$251,'У2 Ввод'!$B$12:$B$251,$B33)=0,"",_xlfn.MAXIFS('У2 Ввод'!$F$12:$F$251,'У2 Ввод'!$B$12:$B$251,$B33))) | I33: =IF($B33="","",IF(_xlfn.MINIFS('У3 Ввод'!$D$12:$D$251,'У3 Ввод'!$B$12:$B$251,$B33)=0,"",_xlfn.MINIFS('У3 Ввод'!$D$12:$D$251,'У3 Ввод'!$B$12:$B$251,$B33))) | J33: =IF($B33="","",IF(_xlfn.MAXIFS('У3 Ввод'!$F$12:$F$251,'У3 Ввод'!$B$12:$B$251,$B33)=0,"",_xlfn.MAXIFS('У3 Ввод'!$F$12:$F$251,'У3 Ввод'!$B$12:$B$251,$B33))) | K33: =IF($B33="","",IF(_xlfn.MINIFS('У4 Ввод'!$D$12:$D$251,'У4 Ввод'!$B$12:$B$251,$B33)=0,"",_xlfn.MINIFS('У4 Ввод'!$D$12:$D$251,'У4 Ввод'!$B$12:$B$251,$B33))) | L33: =IF($B33="","",IF(_xlfn.MAXIFS('У4 Ввод'!$F$12:$F$251,'У4 Ввод'!$B$12:$B$251,$B33)=0,"",_xlfn.MAXIFS('У4 Ввод'!$F$12:$F$251,'У4 Ввод'!$B$12:$B$251,$B33))) | M33: =IF($B33="","",IF(_xlfn.MINIFS('У5 Ввод'!$D$12:$D$251,'У5 Ввод'!$B$12:$B$251,$B33)=0,"",_xlfn.MINIFS('У5 Ввод'!$D$12:$D$251,'У5 Ввод'!$B$12:$B$251,$B33))) | N33: =IF($B33="","",IF(_xlfn.MAXIFS('У5 Ввод'!$F$12:$F$251,'У5 Ввод'!$B$12:$B$251,$B33)=0,"",_xlfn.MAXIFS('У5 Ввод'!$F$12:$F$251,'У5 Ввод'!$B$12:$B$251,$B33))) | O33: =IF($B33="","",IF(_xlfn.MINIFS('У6 Ввод'!$D$12:$D$251,'У6 Ввод'!$B$12:$B$251,$B33)=0,"",_xlfn.MINIFS('У6 Ввод'!$D$12:$D$251,'У6 Ввод'!$B$12:$B$251,$B33))) | P33: =IF($B33="","",IF(_xlfn.MAXIFS('У6 Ввод'!$F$12:$F$251,'У6 Ввод'!$B$12:$B$251,$B33)=0,"",_xlfn.MAXIFS('У6 Ввод'!$F$12:$F$251,'У6 Ввод'!$B$12:$B$251,$B33))) | Q33: =IF($B33="","",IF(_xlfn.MINIFS('У7 Ввод'!$D$12:$D$251,'У7 Ввод'!$B$12:$B$251,$B33)=0,"",_xlfn.MINIFS('У7 Ввод'!$D$12:$D$251,'У7 Ввод'!$B$12:$B$251,$B33))) | R33: =IF($B33="","",IF(_xlfn.MAXIFS('У7 Ввод'!$F$12:$F$251,'У7 Ввод'!$B$12:$B$251,$B33)=0,"",_xlfn.MAXIFS('У7 Ввод'!$F$12:$F$251,'У7 Ввод'!$B$12:$B$251,$B33))) | S33: =IF($B33="","",IF(_xlfn.MINIFS('У8 Ввод'!$D$12:$D$251,'У8 Ввод'!$B$12:$B$251,$B33)=0,"",_xlfn.MINIFS('У8 Ввод'!$D$12:$D$251,'У8 Ввод'!$B$12:$B$251,$B33))) | T33: =IF($B33="","",IF(_xlfn.MAXIFS('У8 Ввод'!$F$12:$F$251,'У8 Ввод'!$B$12:$B$251,$B33)=0,"",_xlfn.MAXIFS('У8 Ввод'!$F$12:$F$251,'У8 Ввод'!$B$12:$B$251,$B33))) | U33: =IF($B33="","",IF(_xlfn.MINIFS('У9 Ввод'!$D$12:$D$251,'У9 Ввод'!$B$12:$B$251,$B33)=0,"",_xlfn.MINIFS('У9 Ввод'!$D$12:$D$251,'У9 Ввод'!$B$12:$B$251,$B33))) | V33: =IF($B33="","",IF(_xlfn.MAXIFS('У9 Ввод'!$F$12:$F$251,'У9 Ввод'!$B$12:$B$251,$B33)=0,"",_xlfn.MAXIFS('У9 Ввод'!$F$12:$F$251,'У9 Ввод'!$B$12:$B$251,$B33))) | W33: =IF($B33="","",IF(_xlfn.MINIFS('У10 Ввод'!$D$12:$D$251,'У10 Ввод'!$B$12:$B$251,$B33)=0,"",_xlfn.MINIFS('У10 Ввод'!$D$12:$D$251,'У10 Ввод'!$B$12:$B$251,$B33))) | X33: =IF($B33="","",IF(_xlfn.MAXIFS('У10 Ввод'!$F$12:$F$251,'У10 Ввод'!$B$12:$B$251,$B33)=0,"",_xlfn.MAXIFS('У10 Ввод'!$F$12:$F$251,'У10 Ввод'!$B$12:$B$251,$B33))) | Y33: =IF(COUNT(E33,G33,I33,K33,M33,O33,Q33,S33,U33,W33)=0,"",MIN(E33,G33,I33,K33,M33,O33,Q33,S33,U33,W33)) | Z33: =IF(COUNT(F33,H33,J33,L33,N33,P33,R33,T33,V33,X33)=0,"",MAX(F33,H33,J33,L33,N33,P33,R33,T33,V33,X33)) | AA33: =IF(OR(Y33="",Z33=""),"",Z33-Y33+1)

Sheet Мастер-график
A1: МАСТЕР-ГРАФИК — ПОЛНЫЙ ПРОИЗВОДСТВЕННЫЙ ЦИКЛ: от разработки КД до сдачи на склад ГП
A2: Ниже — демо-визуализация. Живой мастер-гант строится и обновляется скриптом (меню «📊 Планирование» → «Обновить всё»).
A4: Заказ | B4: 01 | C4: 02 | D4: 03 | E4: 04 | F4: 05 | G4: 06 | H4: 07 | I4: 08 | J4: 09 | K4: 10 | L4: 11 | M4: 12 | N4: 13 | O4: 14 | P4: 15 | Q4: 16 | R4: 17 | S4: 18 | T4: 19 | U4: 20 | V4: 21 | W4: 22 | X4: 23 | Y4: 24 | Z4: 25 | AA4: 26 | AB4: 27 | AC4: 28 | AD4: 29 | AE4: 30 | AF4: 31
A5: 26-1817 | B5: У1 | D5: У2 | G5: У3 | H5: У6 | I5: У5 | P5: У7 | R5: У8 | W5: У9 | AB5: У10
A6: 26-1455 | C6: У1 | G6: У2 | H6: У6 | J6: У4 | Q6: У7 | U6: У8 | X6: У9 | AD6: У10
A7: 26-1905 | G7: У1 | N7: У3 | U7: У6 | AE7: У10
A10: Легенда:
A11: У1 | B11: =Настройки!$B$7 -> Конструкторское бюро | D11: У2 | E11: =Настройки!$B$8 -> Снабжение | G11: У3 | H11: =Настройки!$B$9 -> Лазерная резка | J11: У4 | K11: =Настройки!$B$10 -> Гибка | M11: У5 | N11: =Настройки!$B$11 -> Механообработка
A12: У6 | B12: =Настройки!$B$12 -> Сварка | D12: У7 | E12: =Настройки!$B$13 -> Окраска | G12: У8 | H12: =Настройки!$B$14 -> Сборка | J12: У9 | K12: =Настройки!$B$15 -> Электромонтаж | M12: У10 | N12: =Настройки!$B$16 -> ОТК и склад ГП

Sheet У1 Заказы
A1: =UPPER(Настройки!$B$7)&" — ФОРМА ЗАКАЗОВ (30 шт). Названия операций редактируются в шапке" -> КОНСТРУКТОРСКОЕ БЮРО — ФОРМА ЗАКАЗОВ (30 шт). Названия операций редактируются в шапке
A2: № заказа | B2: Изделие | C2: Схемы | F2: Компоновка | I2: Деталировка | L2: Спецификация | O2: Согласование | R2: Оп.6 | U2: Оп.7 | X2: Оп.8
C3: Старт | D3: Смен | E3: Факт | F3: Старт | G3: Смен | H3: Факт | I3: Старт | J3: Смен | K3: Факт | L3: Старт | M3: Смен | N3: Факт | O3: Старт | P3: Смен | Q3: Факт | R3: Старт | S3: Смен | T3: Факт | U3: Старт | V3: Смен | W3: Факт | X3: Старт | Y3: Смен | Z3: Факт
A4: =IF('Реестр заказов'!B4="","",'Реестр заказов'!B4) -> 26-1817 | B4: =IF('Реестр заказов'!C4="","",'Реестр заказов'!C4) -> Шкаф РУНН | C4: =DATE(2026,7,1) -> 46204 | D4: 1 | E4: =DATE(2026,7,2) -> 46205 | I4: =DATE(2026,7,2) -> 46205 | J4: 2 | K4: =DATE(2026,7,3) -> 46206
A5: =IF('Реестр заказов'!B5="","",'Реестр заказов'!B5) -> 26-1455 | B5: =IF('Реестр заказов'!C5="","",'Реестр заказов'!C5) -> КТП-1000 | C5: =DATE(2026,7,2) -> 46205 | D5: 1 | E5: =DATE(2026,7,3) -> 46206 | I5: =DATE(2026,7,3) -> 46206 | J5: 2 | K5: =DATE(2026,7,7) -> 46210
A6: =IF('Реестр заказов'!B6="","",'Реестр заказов'!B6) -> 26-1905 | B6: =IF('Реестр заказов'!C6="","",'Реестр заказов'!C6) -> ЩО-70 | C6: =DATE(2026,7,6) -> 46209 | D6: 2 | E6: =DATE(2026,7,8) -> 46211 | I6: =DATE(2026,7,8) -> 46211 | J6: 3
A7: =IF('Реестр заказов'!B7="","",'Реестр заказов'!B7) | B7: =IF('Реестр заказов'!C7="","",'Реестр заказов'!C7)
A8: =IF('Реестр заказов'!B8="","",'Реестр заказов'!B8) | B8: =IF('Реестр заказов'!C8="","",'Реестр заказов'!C8)
A9: =IF('Реестр заказов'!B9="","",'Реестр заказов'!B9) | B9: =IF('Реестр заказов'!C9="","",'Реестр заказов'!C9)
A10: =IF('Реестр заказов'!B10="","",'Реестр заказов'!B10) | B10: =IF('Реестр заказов'!C10="","",'Реестр заказов'!C10)
A11: =IF('Реестр заказов'!B11="","",'Реестр заказов'!B11) | B11: =IF('Реестр заказов'!C11="","",'Реестр заказов'!C11)
A12: =IF('Реестр заказов'!B12="","",'Реестр заказов'!B12) | B12: =IF('Реестр заказов'!C12="","",'Реестр заказов'!C12)
A13: =IF('Реестр заказов'!B13="","",'Реестр заказов'!B13) | B13: =IF('Реестр заказов'!C13="","",'Реестр заказов'!C13)
A14: =IF('Реестр заказов'!B14="","",'Реестр заказов'!B14) | B14: =IF('Реестр заказов'!C14="","",'Реестр заказов'!C14)
A15: =IF('Реестр заказов'!B15="","",'Реестр заказов'!B15) | B15: =IF('Реестр заказов'!C15="","",'Реестр заказов'!C15)
A16: =IF('Реестр заказов'!B16="","",'Реестр заказов'!B16) | B16: =IF('Реестр заказов'!C16="","",'Реестр заказов'!C16)
A17: =IF('Реестр заказов'!B17="","",'Реестр заказов'!B17) | B17: =IF('Реестр заказов'!C17="","",'Реестр заказов'!C17)
A18: =IF('Реестр заказов'!B18="","",'Реестр заказов'!B18) | B18: =IF('Реестр заказов'!C18="","",'Реестр заказов'!C18)
... A33: =IF('Реестр заказов'!B33="","",'Реестр заказов'!B33) | B33: =IF('Реестр заказов'!C33="","",'Реестр заказов'!C33)

Sheet У1 Ввод
A1: =UPPER(Настройки!$B$7)&" — ВВОД ДАННЫХ (заполняется автоматически из формы заказов)" -> КОНСТРУКТОРСКОЕ БЮРО — ВВОД ДАННЫХ (заполняется автоматически из формы заказов)
A3: Участок: | B3: =Настройки!$B$7 -> Конструкторское бюро | E3: Месяц: | F3: =CHOOSE(MONTH(StartDate),"Январь","Февраль","Март","Апрель","Май","Июнь","Июль","Август","Сентябрь","Октябрь","Ноябрь","Декабрь")&" "&YEAR(StartDate) -> Июль 2026
A4: Бригад в смену (100%): | C4: =Настройки!$E$7 -> 4
A11: № | B11: Номер заказа | C11: Наименование операции | D11: План: дата старта | E11: Продолж-ть, смен | F11: План: дата завершения (учёт вых.) | G11: Факт: дата завершения | J11: Проверка дня старта | K11: Статус
A12: 1 | B12: ='У1 Заказы'!$A$4 -> 26-1817 | C12: =IF($B12="","",'У1 Заказы'!$C$2) -> Схемы | D12: =IF('У1 Заказы'!C4="","",'У1 Заказы'!C4) -> 46204 | E12: =IF('У1 Заказы'!D4="","",'У1 Заказы'!D4) -> 1 | F12: =IF(OR(D12="",E12="",E12=0),"",WORKDAY(D12,MAX(0,CEILING(E12,1)-1))) -> 46204 | G12: =IF('У1 Заказы'!E4="","",'У1 Заказы'!E4) -> 46205 | J12: =IF(D12="","",IF(WEEKDAY(D12,2)>5,"⚠ Выходной","Рабочий день")) -> Рабочий день | K12: =IF(OR($B12="",D12=""),"",IF(G12<>"","✔ Выполнен","В работе")) -> ✔ Выполнен
A13: 2 | B13: ='У1 Заказы'!$A$4 -> 26-1817 | C13: =IF($B13="","",'У1 Заказы'!$F$2) -> Компоновка | D13: =IF('У1 Заказы'!F4="","",'У1 Заказы'!F4) | E13: =IF('У1 Заказы'!G4="","",'У1 Заказы'!G4) | F13: =IF(OR(D13="",E13="",E13=0),"",WORKDAY(D13,MAX(0,CEILING(E13,1)-1))) | G13: =IF('У1 Заказы'!H4="","",'У1 Заказы'!H4) | J13: =IF(D13="","",IF(WEEKDAY(D13,2)>5,"⚠ Выходной","Рабочий день")) | K13: =IF(OR($B13="",D13=""),"",IF(G13<>"","✔ Выполнен","В работе"))
A14: 3 | B14: ='У1 Заказы'!$A$4 -> 26-1817 | C14: =IF($B14="","",'У1 Заказы'!$I$2) -> Деталировка | D14: =IF('У1 Заказы'!I4="","",'У1 Заказы'!I4) -> 46205 | E14: =IF('У1 Заказы'!J4="","",'У1 Заказы'!J4) -> 2 | F14: =IF(OR(D14="",E14="",E14=0),"",WORKDAY(D14,MAX(0,CEILING(E14,1)-1))) -> 46206 | G14: =IF('У1 Заказы'!K4="","",'У1 Заказы'!K4) -> 46206 | J14: =IF(D14="","",IF(WEEKDAY(D14,2)>5,"⚠ Выходной","Рабочий день")) -> Рабочий день | K14: =IF(OR($B14="",D14=""),"",IF(G14<>"","✔ Выполнен","В работе")) -> ✔ Выполнен
A15: 4 | B15: ='У1 Заказы'!$A$4 -> 26-1817 | C15: =IF($B15="","",'У1 Заказы'!$L$2) -> Спецификация | D15: =IF('У1 Заказы'!L4="","",'У1 Заказы'!L4) | E15: =IF('У1 Заказы'!M4="","",'У1 Заказы'!M4) | F15: =IF(OR(D15="",E15="",E15=0),"",WORKDAY(D15,MAX(0,CEILING(E15,1)-1))) | G15: =IF('У1 Заказы'!N4="","",'У1 Заказы'!N4) | J15: =IF(D15="","",IF(WEEKDAY(D15,2)>5,"⚠ Выходной","Рабочий день")) | K15: =IF(OR($B15="",D15=""),"",IF(G15<>"","✔ Выполнен","В работе"))
A16: 5 | B16: ='У1 Заказы'!$A$4 -> 26-1817 | C16: =IF($B16="","",'У1 Заказы'!$O$2) -> Согласование | D16: =IF('У1 Заказы'!O4="","",'У1 Заказы'!O4) | E16: =IF('У1 Заказы'!P4="","",'У1 Заказы'!P4) | F16: =IF(OR(D16="",E16="",E16=0),"",WORKDAY(D16,MAX(0,CEILING(E16,1)-1))) | G16: =IF('У1 Заказы'!Q4="","",'У1 Заказы'!Q4) | J16: =IF(D16="","",IF(WEEKDAY(D16,2)>5,"⚠ Выходной","Рабочий день")) | K16: =IF(OR($B16="",D16=""),"",IF(G16<>"","✔ Выполнен","В работе"))
A17: 6 | B17: ='У1 Заказы'!$A$4 -> 26-1817 | C17: =IF($B17="","",'У1 Заказы'!$R$2) -> Оп.6 | D17: =IF('У1 Заказы'!R4="","",'У1 Заказы'!R4) | E17: =IF('У1 Заказы'!S4="","",'У1 Заказы'!S4) | F17: =IF(OR(D17="",E17="",E17=0),"",WORKDAY(D17,MAX(0,CEILING(E17,1)-1))) | G17: =IF('У1 Заказы'!T4="","",'У1 Заказы'!T4) | J17: =IF(D17="","",IF(WEEKDAY(D17,2)>5,"⚠ Выходной","Рабочий день")) | K17: =IF(OR($B17="",D17=""),"",IF(G17<>"","✔ Выполнен","В работе"))
A18: 7 | B18: ='У1 Заказы'!$A$4 -> 26-1817 | C18: =IF($B18="","",'У1 Заказы'!$U$2) -> Оп.7 | D18: =IF('У1 Заказы'!U4="","",'У1 Заказы'!U4) | E18: =IF('У1 Заказы'!V4="","",'У1 Заказы'!V4) | F18: =IF(OR(D18="",E18="",E18=0),"",WORKDAY(D18,MAX(0,CEILING(E18,1)-1))) | G18: =IF('У1 Заказы'!W4="","",'У1 Заказы'!W4) | J18: =IF(D18="","",IF(WEEKDAY(D18,2)>5,"⚠ Выходной","Рабочий день")) | K18: =IF(OR($B18="",D18=""),"",IF(G18<>"","✔ Выполнен","В работе"))
A19: 8 | B19: ='У1 Заказы'!$A$4 -> 26-1817 | C19: =IF($B19="","",'У1 Заказы'!$X$2) -> Оп.8 | D19: =IF('У1 Заказы'!X4="","",'У1 Заказы'!X4) | E19: =IF('У1 Заказы'!Y4="","",'У1 Заказы'!Y4) | F19: =IF(OR(D19="",E19="",E19=0),"",WORKDAY(D19,MAX(0,CEILING(E19,1)-1))) | G19: =IF('У1 Заказы'!Z4="","",'У1 Заказы'!Z4) | J19: =IF(D19="","",IF(WEEKDAY(D19,2)>5,"⚠ Выходной","Рабочий день")) | K19: =IF(OR($B19="",D19=""),"",IF(G19<>"","✔ Выполнен","В работе"))
A20: 9 | B20: ='У1 Заказы'!$A$5 -> 26-1455 | C20: =IF($B20="","",'У1 Заказы'!$C$2) -> Схемы | D20: =IF('У1 Заказы'!C5="","",'У1 Заказы'!C5) -> 46205 | E20: =IF('У1 Заказы'!D5="","",'У1 Заказы'!D5) -> 1 | F20: =IF(OR(D20="",E20="",E20=0),"",WORKDAY(D20,MAX(0,CEILING(E20,1)-1))) -> 46205 | G20: =IF('У1 Заказы'!E5="","",'У1 Заказы'!E5) -> 46206 | J20: =IF(D20="","",IF(WEEKDAY(D20,2)>5,"⚠ Выходной","Рабочий день")) -> Рабочий день | K20: =IF(OR($B20="",D20=""),"",IF(G20<>"","✔ Выполнен","В работе")) -> ✔ Выполнен
A21: 10 | B21: ='У1 Заказы'!$A$5 -> 26-1455 | C21: =IF($B21="","",'У1 Заказы'!$F$2) -> Компоновка | D21: =IF('У1 Заказы'!F5="","",'У1 Заказы'!F5) | E21: =IF('У1 Заказы'!G5="","",'У1 Заказы'!G5) | F21: =IF(OR(D21="",E21="",E21=0),"",WORKDAY(D21,MAX(0,CEILING(E21,1)-1))) | G21: =IF('У1 Заказы'!H5="","",'У1 Заказы'!H5) | J21: =IF(D21="","",IF(WEEKDAY(D21,2)>5,"⚠ Выходной","Рабочий день")) | K21: =IF(OR($B21="",D21=""),"",IF(G21<>"","✔ Выполнен","В работе"))
A22: 11 | B22: ='У1 Заказы'!$A$5 -> 26-1455 | C22: =IF($B22="","",'У1 Заказы'!$I$2) -> Деталировка | D22: =IF('У1 Заказы'!I5="","",'У1 Заказы'!I5) -> 46206 | E22: =IF('У1 Заказы'!J5="","",'У1 Заказы'!J5) -> 2 | F22: =IF(OR(D22="",E22="",E22=0),"",WORKDAY(D22,MAX(0,CEILING(E22,1)-1))) -> 46209 | G22: =IF('У1 Заказы'!K5="","",'У1 Заказы'!K5) -> 46210 | J22: =IF(D22="","",IF(WEEKDAY(D22,2)>5,"⚠ Выходной","Рабочий день")) -> Рабочий день | K22: =IF(OR($B22="",D22=""),"",IF(G22<>"","✔ Выполнен","В работе")) -> ✔ Выполнен
A23: 12 | B23: ='У1 Заказы'!$A$5 -> 26-1455 | C23: =IF($B23="","",'У1 Заказы'!$L$2) -> Спецификация | D23: =IF('У1 Заказы'!L5="","",'У1 Заказы'!L5) | E23: =IF('У1 Заказы'!M5="","",'У1 Заказы'!M5) | F23: =IF(OR(D23="",E23="",E23=0),"",WORKDAY(D23,MAX(0,CEILING(E23,1)-1))) | G23: =IF('У1 Заказы'!N5="","",'У1 Заказы'!N5) | J23: =IF(D23="","",IF(WEEKDAY(D23,2)>5,"⚠ Выходной","Рабочий день")) | K23: =IF(OR($B23="",D23=""),"",IF(G23<>"","✔ Выполнен","В работе"))
A24: 13 | B24: ='У1 Заказы'!$A$5 -> 26-1455 | C24: =IF($B24="","",'У1 Заказы'!$O$2) -> Согласование | D24: =IF('У1 Заказы'!O5="","",'У1 Заказы'!O5) | E24: =IF('У1 Заказы'!P5="","",'У1 Заказы'!P5) | F24: =IF(OR(D24="",E24="",E24=0),"",WORKDAY(D24,MAX(0,CEILING(E24,1)-1))) | G24: =IF('У1 Заказы'!Q5="","",'У1 Заказы'!Q5) | J24: =IF(D24="","",IF(WEEKDAY(D24,2)>5,"⚠ Выходной","Рабочий день")) | K24: =IF(OR($B24="",D24=""),"",IF(G24<>"","✔ Выполнен","В работе"))
A25: 14 | B25: ='У1 Заказы'!$A$5 -> 26-1455 | C25: =IF($B25="","",'У1 Заказы'!$R$2) -> Оп.6 | D25: =IF('У1 Заказы'!R5="","",'У1 Заказы'!R5) | E25: =IF('У1 Заказы'!S5="","",'У1 Заказы'!S5) | F25: =IF(OR(D25="",E25="",E25=0),"",WORKDAY(D25,MAX(0,CEILING(E25,1)-1))) | G25: =IF('У1 Заказы'!T5="","",'У1 Заказы'!T5) | J25: =IF(D25="","",IF(WEEKDAY(D25,2)>5,"⚠ Выходной","Рабочий день")) | K25: =IF(OR($B25="",D25=""),"",IF(G25<>"","✔ Выполнен","В работе"))
A26: 15 | B26: ='У1 Заказы'!$A$5 -> 26-1455 | C26: =IF($B26="","",'У1 Заказы'!$U$2) -> Оп.7 | D26: =IF('У1 Заказы'!U5="","",'У1 Заказы'!U5) | E26: =IF('У1 Заказы'!V5="","",'У1 Заказы'!V5) | F26: =IF(OR(D26="",E26="",E26=0),"",WORKDAY(D26,MAX(0,CEILING(E26,1)-1))) | G26: =IF('У1 Заказы'!W5="","",'У1 Заказы'!W5) | J26: =IF(D26="","",IF(WEEKDAY(D26,2)>5,"⚠ Выходной","Рабочий день")) | K26: =IF(OR($B26="",D26=""),"",IF(G26<>"","✔ Выполнен","В работе"))
A27: 16 | B27: ='У1 Заказы'!$A$5 -> 26-1455 | C27: =IF($B27="","",'У1 Заказы'!$X$2) -> Оп.8 | D27: =IF('У1 Заказы'!X5="","",'У1 Заказы'!X5) | E27: =IF('У1 Заказы'!Y5="","",'У1 Заказы'!Y5) | F27: =IF(OR(D27="",E27="",E27=0),"",WORKDAY(D27,MAX(0,CEILING(E27,1)-1))) | G27: =IF('У1 Заказы'!Z5="","",'У1 Заказы'!Z5) | J27: =IF(D27="","",IF(WEEKDAY(D27,2)>5,"⚠ Выходной","Рабочий день")) | K27: =IF(OR($B27="",D27=""),"",IF(G27<>"","✔ Выполнен","В работе"))
A28: 17 | B28: ='У1 Заказы'!$A$6 -> 26-1905 | C28: =IF($B28="","",'У1 Заказы'!$C$2) -> Схемы | D28: =IF('У1 Заказы'!C6="","",'У1 Заказы'!C6) -> 46209 | E28: =IF('У1 Заказы'!D6="","",'У1 Заказы'!D6) -> 2 | F28: =IF(OR(D28="",E28="",E28=0),"",WORKDAY(D28,MAX(0,CEILING(E28,1)-1))) -> 46210 | G28: =IF('У1 Заказы'!E6="","",'У1 Заказы'!E6) -> 46211 | J28: =IF(D28="","",IF(WEEKDAY(D28,2)>5,"⚠ Выходной","Рабочий день")) -> Рабочий день | K28: =IF(OR($B28="",D28=""),"",IF(G28<>"","✔ Выполнен","В работе")) -> ✔ Выполнен
A29: 18 | B29: ='У1 Заказы'!$A$6 -> 26-1905 | C29: =IF($B29="","",'У1 Заказы'!$F$2) -> Компоновка | D29: =IF('У1 Заказы'!F6="","",'У1 Заказы'!F6) | E29: =IF('У1 Заказы'!G6="","",'У1 Заказы'!G6) | F29: =IF(OR(D29="",E29="",E29=0),"",WORKDAY(D29,MAX(0,CEILING(E29,1)-1))) | G29: =IF('У1 Заказы'!H6="","",'У1 Заказы'!H6) | J29: =IF(D29="","",IF(WEEKDAY(D29,2)>5,"⚠ Выходной","Рабочий день")) | K29: =IF(OR($B29="",D29=""),"",IF(G29<>"","✔ Выполнен","В работе"))
A30: 19 | B30: ='У1 Заказы'!$A$6 -> 26-1905 | C30: =IF($B30="","",'У1 Заказы'!$I$2) -> Деталировка | D30: =IF('У1 Заказы'!I6="","",'У1 Заказы'!I6) -> 46211 | E30: =IF('У1 Заказы'!J6="","",'У1 Заказы'!J6) -> 3 | F30: =IF(OR(D30="",E30="",E30=0),"",WORKDAY(D30,MAX(0,CEILING(E30,1)-1))) -> 46213 | G30: =IF('У1 Заказы'!K6="","",'У1 Заказы'!K6) | J30: =IF(D30="","",IF(WEEKDAY(D30,2)>5,"⚠ Выходной","Рабочий день")) -> Рабочий день | K30: =IF(OR($B30="",D30=""),"",IF(G30<>"","✔ Выполнен","В работе")) -> В работе
A31: 20 | B31: ='У1 Заказы'!$A$6 -> 26-1905 | C31: =IF($B31="","",'У1 Заказы'!$L$2) -> Спецификация | D31: =IF('У1 Заказы'!L6="","",'У1 Заказы'!L6) | E31: =IF('У1 Заказы'!M6="","",'У1 Заказы'!M6) | F31: =IF(OR(D31="",E31="",E31=0),"",WORKDAY(D31,MAX(0,CEILING(E31,1)-1))) | G31: =IF('У1 Заказы'!N6="","",'У1 Заказы'!N6) | J31: =IF(D31="","",IF(WEEKDAY(D31,2)>5,"⚠ Выходной","Рабочий день")) | K31: =IF(OR($B31="",D31=""),"",IF(G31<>"","✔ Выполнен","В работе"))
A32: 21 | B32: ='У1 Заказы'!$A$6 -> 26-1905 | C32: =IF($B32="","",'У1 Заказы'!$O$2) -> Согласование | D32: =IF('У1 Заказы'!O6="","",'У1 Заказы'!O6) | E32: =IF('У1 Заказы'!P6="","",'У1 Заказы'!P6) | F32: =IF(OR(D32="",E32="",E32=0),"",WORKDAY(D32,MAX(0,CEILING(E32,1)-1))) | G32: =IF('У1 Заказы'!Q6="","",'У1 Заказы'!Q6) | J32: =IF(D32="","",IF(WEEKDAY(D32,2)>5,"⚠ Выходной","Рабочий день")) | K32: =IF(OR($B32="",D32=""),"",IF(G32<>"","✔ Выполнен","В работе"))
A33: 22 | B33: ='У1 Заказы'!$A$6 -> 26-1905 | C33: =IF($B33="","",'У1 Заказы'!$R$2) -> Оп.6 | D33: =IF('У1 Заказы'!R6="","",'У1 Заказы'!R6) | E33: =IF('У1 Заказы'!S6="","",'У1 Заказы'!S6) | F33: =IF(OR(D33="",E33="",E33=0),"",WORKDAY(D33,MAX(0,CEILING(E33,1)-1))) | G33: =IF('У1 Заказы'!T6="","",'У1 Заказы'!T6) | J33: =IF(D33="","",IF(WEEKDAY(D33,2)>5,"⚠ Выходной","Рабочий день")) | K33: =IF(OR($B33="",D33=""),"",IF(G33<>"","✔ Выполнен","В работе"))
A34: 23 | B34: ='У1 Заказы'!$A$6 -> 26-1905 | C34: =IF($B34="","",'У1 Заказы'!$U$2) -> Оп.7 | D34: =IF('У1 Заказы'!U6="","",'У1 Заказы'!U6) | E34: =IF('У1 Заказы'!V6="","",'У1 Заказы'!V6) | F34: =IF(OR(D34="",E34="",E34=0),"",WORKDAY(D34,MAX(0,CEILING(E34,1)-1))) | G34: =IF('У1 Заказы'!W6="","",'У1 Заказы'!W6) | J34: =IF(D34="","",IF(WEEKDAY(D34,2)>5,"⚠ Выходной","Рабочий день")) | K34: =IF(OR($B34="",D34=""),"",IF(G34<>"","✔ Выполнен","В работе"))
A35: 24 | B35: ='У1 Заказы'!$A$6 -> 26-1905 | C35: =IF($B35="","",'У1 Заказы'!$X$2) -> Оп.8 | D35: =IF('У1 Заказы'!X6="","",'У1 Заказы'!X6) | E35: =IF('У1 Заказы'!Y6="","",'У1 Заказы'!Y6) | F35: =IF(OR(D35="",E35="",E35=0),"",WORKDAY(D35,MAX(0,CEILING(E35,1)-1))) | G35: =IF('У1 Заказы'!Z6="","",'У1 Заказы'!Z6) | J35: =IF(D35="","",IF(WEEKDAY(D35,2)>5,"⚠ Выходной","Рабочий день")) | K35: =IF(OR($B35="",D35=""),"",IF(G35<>"","✔ Выполнен","В работе"))
A36: 25 | B36: ='У1 Заказы'!$A$7 | C36: =IF($B36="","",'У1 Заказы'!$C$2) | D36: =IF('У1 Заказы'!C7="","",'У1 Заказы'!C7) | E36: =IF('У1 Заказы'!D7="","",'У1 Заказы'!D7) | F36: =IF(OR(D36="",E36="",E36=0),"",WORKDAY(D36,MAX(0,CEILING(E36,1)-1))) | G36: =IF('У1 Заказы'!E7="","",'У1 Заказы'!E7) | J36: =IF(D36="","",IF(WEEKDAY(D36,2)>5,"⚠ Выходной","Рабочий день")) | K36: =IF(OR($B36="",D36=""),"",IF(G36<>"","✔ Выполнен","В работе"))
A37: 26 | B37: ='У1 Заказы'!$A$7 | C37: =IF($B37="","",'У1 Заказы'!$F$2) | D37: =IF('У1 Заказы'!F7="","",'У1 Заказы'!F7) | E37: =IF('У1 Заказы'!G7="","",'У1 Заказы'!G7) | F37: =IF(OR(D37="",E37="",E37=0),"",WORKDAY(D37,MAX(0,CEILING(E37,1)-1))) | G37: =IF('У1 Заказы'!H7="","",'У1 Заказы'!H7) | J37: =IF(D37="","",IF(WEEKDAY(D37,2)>5,"⚠ Выходной","Рабочий день")) | K37: =IF(OR($B37="",D37=""),"",IF(G37<>"","✔ Выполнен","В работе"))
A38: 27 | B38: ='У1 Заказы'!$A$7 | C38: =IF($B38="","",'У1 Заказы'!$I$2) | D38: =IF('У1 Заказы'!I7="","",'У1 Заказы'!I7) | E38: =IF('У1 Заказы'!J7="","",'У1 Заказы'!J7) | F38: =IF(OR(D38="",E38="",E38=0),"",WORKDAY(D38,MAX(0,CEILING(E38,1)-1))) | G38: =IF('У1 Заказы'!K7="","",'У1 Заказы'!K7) | J38: =IF(D38="","",IF(WEEKDAY(D38,2)>5,"⚠ Выходной","Рабочий день")) | K38: =IF(OR($B38="",D38=""),"",IF(G38<>"","✔ Выполнен","В работе"))
A39: 28 | B39: ='У1 Заказы'!$A$7 | C39: =IF($B39="","",'У1 Заказы'!$L$2) | D39: =IF('У1 Заказы'!L7="","",'У1 Заказы'!L7) | E39: =IF('У1 Заказы'!M7="","",'У1 Заказы'!M7) | F39: =IF(OR(D39="",E39="",E39=0),"",WORKDAY(D39,MAX(0,CEILING(E39,1)-1))) | G39: =IF('У1 Заказы'!N7="","",'У1 Заказы'!N7) | J39: =IF(D39="","",IF(WEEKDAY(D39,2)>5,"⚠ Выходной","Рабочий день")) | K39: =IF(OR($B39="",D39=""),"",IF(G39<>"","✔ Выполнен","В работе"))
A40: 29 | B40: ='У1 Заказы'!$A$7 | C40: =IF($B40="","",'У1 Заказы'!$O$2) | D40: =IF('У1 Заказы'!O7="","",'У1 Заказы'!O7) | E40: =IF('У1 Заказы'!P7="","",'У1 Заказы'!P7) | F40: =IF(OR(D40="",E40="",E40=0),"",WORKDAY(D40,MAX(0,CEILING(E40,1)-1))) | G40: =IF('У1 Заказы'!Q7="","",'У1 Заказы'!Q7) | J40: =IF(D40="","",IF(WEEKDAY(D40,2)>5,"⚠ Выходной","Рабочий день")) | K40: =IF(OR($B40="",D40=""),"",IF(G40<>"","✔ Выполнен","В работе"))
A41: 30 | B41: ='У1 Заказы'!$A$7 | C41: =IF($B41="","",'У1 Заказы'!$R$2) | D41: =IF('У1 Заказы'!R7="","",'У1 Заказы'!R7) | E41: =IF('У1 Заказы'!S7="","",'У1 Заказы'!S7) | F41: =IF(OR(D41="",E41="",E41=0),"",WORKDAY(D41,MAX(0,CEILING(E41,1)-1))) | G41: =IF('У1 Заказы'!T7="","",'У1 Заказы'!T7) | J41: =IF(D41="","",IF(WEEKDAY(D41,2)>5,"⚠ Выходной","Рабочий день")) | K41: =IF(OR($B41="",D41=""),"",IF(G41<>"","✔ Выполнен","В работе"))
A42: 31 | B42: ='У1 Заказы'!$A$7 | C42: =IF($B42="","",'У1 Заказы'!$U$2) | D42: =IF('У1 Заказы'!U7="","",'У1 Заказы'!U7) | E42: =IF('У1 Заказы'!V7="","",'У1 Заказы'!V7) | F42: =IF(OR(D42="",E42="",E42=0),"",WORKDAY(D42,MAX(0,CEILING(E42,1)-1))) | G42: =IF('У1 Заказы'!W7="","",'У1 Заказы'!W7) | J42: =IF(D42="","",IF(WEEKDAY(D42,2)>5,"⚠ Выходной","Рабочий день")) | K42: =IF(OR($B42="",D42=""),"",IF(G42<>"","✔ Выполнен","В работе"))
A43: 32 | B43: ='У1 Заказы'!$A$7 | C43: =IF($B43="","",'У1 Заказы'!$X$2) | D43: =IF('У1 Заказы'!X7="","",'У1 Заказы'!X7) | E43: =IF('У1 Заказы'!Y7="","",'У1 Заказы'!Y7) | F43: =IF(OR(D43="",E43="",E43=0),"",WORKDAY(D43,MAX(0,CEILING(E43,1)-1))) | G43: =IF('У1 Заказы'!Z7="","",'У1 Заказы'!Z7) | J43: =IF(D43="","",IF(WEEKDAY(D43,2)>5,"⚠ Выходной","Рабочий день")) | K43: =IF(OR($B43="",D43=""),"",IF(G43<>"","✔ Выполнен","В работе"))
A44: 33 | B44: ='У1 Заказы'!$A$8 | C44: =IF($B44="","",'У1 Заказы'!$C$2) | D44: =IF('У1 Заказы'!C8="","",'У1 Заказы'!C8) | E44: =IF('У1 Заказы'!D8="","",'У1 Заказы'!D8) | F44: =IF(OR(D44="",E44="",E44=0),"",WORKDAY(D44,MAX(0,CEILING(E44,1)-1))) | G44: =IF('У1 Заказы'!E8="","",'У1 Заказы'!E8) | J44: =IF(D44="","",IF(WEEKDAY(D44,2)>5,"⚠ Выходной","Рабочий день")) | K44: =IF(OR($B44="",D44=""),"",IF(G44<>"","✔ Выполнен","В работе"))
A45: 34 | B45: ='У1 Заказы'!$A$8 | C45: =IF($B45="","",'У1 Заказы'!$F$2) | D45: =IF('У1 Заказы'!F8="","",'У1 Заказы'!F8) | E45: =IF('У1 Заказы'!G8="","",'У1 Заказы'!G8) | F45: =IF(OR(D45="",E45="",E45=0),"",WORKDAY(D45,MAX(0,CEILING(E45,1)-1))) | G45: =IF('У1 Заказы'!H8="","",'У1 Заказы'!H8) | J45: =IF(D45="","",IF(WEEKDAY(D45,2)>5,"⚠ Выходной","Рабочий день")) | K45: =IF(OR($B45="",D45=""),"",IF(G45<>"","✔ Выполнен","В работе"))
A46: 35 | B46: ='У1 Заказы'!$A$8 | C46: =IF($B46="","",'У1 Заказы'!$I$2) | D46: =IF('У1 Заказы'!I8="","",'У1 Заказы'!I8) | E46: =IF('У1 Заказы'!J8="","",'У1 Заказы'!J8) | F46: =IF(OR(D46="",E46="",E46=0),"",WORKDAY(D46,MAX(0,CEILING(E46,1)-1))) | G46: =IF('У1 Заказы'!K8="","",'У1 Заказы'!K8) | J46: =IF(D46="","",IF(WEEKDAY(D46,2)>5,"⚠ Выходной","Рабочий день")) | K46: =IF(OR($B46="",D46=""),"",IF(G46<>"","✔ Выполнен","В работе"))
A47: 36 | B47: ='У1 Заказы'!$A$8 | C47: =IF($B47="","",'У1 Заказы'!$L$2) | D47: =IF('У1 Заказы'!L8="","",'У1 Заказы'!L8) | E47: =IF('У1 Заказы'!M8="","",'У1 Заказы'!M8) | F47: =IF(OR(D47="",E47="",E47=0),"",WORKDAY(D47,MAX(0,CEILING(E47,1)-1))) | G47: =IF('У1 Заказы'!N8="","",'У1 Заказы'!N8) | J47: =IF(D47="","",IF(WEEKDAY(D47,2)>5,"⚠ Выходной","Рабочий день")) | K47: =IF(OR($B47="",D47=""),"",IF(G47<>"","✔ Выполнен","В работе"))
A48: 37 | B48: ='У1 Заказы'!$A$8 | C48: =IF($B48="","",'У1 Заказы'!$O$2) | D48: =IF('У1 Заказы'!O8="","",'У1 Заказы'!O8) | E48: =IF('У1 Заказы'!P8="","",'У1 Заказы'!P8) | F48: =IF(OR(D48="",E48="",E48=0),"",WORKDAY(D48,MAX(0,CEILING(E48,1)-1))) | G48: =IF('У1 Заказы'!Q8="","",'У1 Заказы'!Q8) | J48: =IF(D48="","",IF(WEEKDAY(D48,2)>5,"⚠ Выходной","Рабочий день")) | K48: =IF(OR($B48="",D48=""),"",IF(G48<>"","✔ Выполнен","В работе"))
A49: 38 | B49: ='У1 Заказы'!$A$8 | C49: =IF($B49="","",'У1 Заказы'!$R$2) | D49: =IF('У1 Заказы'!R8="","",'У1 Заказы'!R8) | E49: =IF('У1 Заказы'!S8="","",'У1 Заказы'!S8) | F49: =IF(OR(D49="",E49="",E49=0),"",WORKDAY(D49,MAX(0,CEILING(E49,1)-1))) | G49: =IF('У1 Заказы'!T8="","",'У1 Заказы'!T8) | J49: =IF(D49="","",IF(WEEKDAY(D49,2)>5,"⚠ Выходной","Рабочий день")) | K49: =IF(OR($B49="",D49=""),"",IF(G49<>"","✔ Выполнен","В работе"))
A50: 39 | B50: ='У1 Заказы'!$A$8 | C50: =IF($B50="","",'У1 Заказы'!$U$2) | D50: =IF('У1 Заказы'!U8="","",'У1 Заказы'!U8) | E50: =IF('У1 Заказы'!V8="","",'У1 Заказы'!V8) | F50: =IF(OR(D50="",E50="",E50=0),"",WORKDAY(D50,MAX(0,CEILING(E50,1)-1))) | G50: =IF('У1 Заказы'!W8="","",'У1 Заказы'!W8) | J50: =IF(D50="","",IF(WEEKDAY(D50,2)>5,"⚠ Выходной","Рабочий день")) | K50: =IF(OR($B50="",D50=""),"",IF(G50<>"","✔ Выполнен","В работе"))
A51: 40 | B51: ='У1 Заказы'!$A$8 | C51: =IF($B51="","",'У1 Заказы'!$X$2) | D51: =IF('У1 Заказы'!X8="","",'У1 Заказы'!X8) | E51: =IF('У1 Заказы'!Y8="","",'У1 Заказы'!Y8) | F51: =IF(OR(D51="",E51="",E51=0),"",WORKDAY(D51,MAX(0,CEILING(E51,1)-1))) | G51: =IF('У1 Заказы'!Z8="","",'У1 Заказы'!Z8) | J51: =IF(D51="","",IF(WEEKDAY(D51,2)>5,"⚠ Выходной","Рабочий день")) | K51: =IF(OR($B51="",D51=""),"",IF(G51<>"","✔ Выполнен","В работе"))
A52: 41 | B52: ='У1 Заказы'!$A$9 | C52: =IF($B52="","",'У1 Заказы'!$C$2) | D52: =IF('У1 Заказы'!C9="","",'У1 Заказы'!C9) | E52: =IF('У1 Заказы'!D9="","",'У1 Заказы'!D9) | F52: =IF(OR(D52="",E52="",E52=0),"",WORKDAY(D52,MAX(0,CEILING(E52,1)-1))) | G52: =IF('У1 Заказы'!E9="","",'У1 Заказы'!E9) | J52: =IF(D52="","",IF(WEEKDAY(D52,2)>5,"⚠ Выходной","Рабочий день")) | K52: =IF(OR($B52="",D52=""),"",IF(G52<>"","✔ Выполнен","В работе"))
A53: 42 | B53: ='У1 Заказы'!$A$9 | C53: =IF($B53="","",'У1 Заказы'!$F$2) | D53: =IF('У1 Заказы'!F9="","",'У1 Заказы'!F9) | E53: =IF('У1 Заказы'!G9="","",'У1 Заказы'!G9) | F53: =IF(OR(D53="",E53="",E53=0),"",WORKDAY(D53,MAX(0,CEILING(E53,1)-1))) | G53: =IF('У1 Заказы'!H9="","",'У1 Заказы'!H9) | J53: =IF(D53="","",IF(WEEKDAY(D53,2)>5,"⚠ Выходной","Рабочий день")) | K53: =IF(OR($B53="",D53=""),"",IF(G53<>"","✔ Выполнен","В работе"))
A54: 43 | B54: ='У1 Заказы'!$A$9 | C54: =IF($B54="","",'У1 Заказы'!$I$2) | D54: =IF('У1 Заказы'!I9="","",'У1 Заказы'!I9) | E54: =IF('У1 Заказы'!J9="","",'У1 Заказы'!J9) | F54: =IF(OR(D54="",E54="",E54=0),"",WORKDAY(D54,MAX(0,CEILING(E54,1)-1))) | G54: =IF('У1 Заказы'!K9="","",'У1 Заказы'!K9) | J54: =IF(D54="","",IF(WEEKDAY(D54,2)>5,"⚠ Выходной","Рабочий день")) | K54: =IF(OR($B54="",D54=""),"",IF(G54<>"","✔ Выполнен","В работе"))
A55: 44 | B55: ='У1 Заказы'!$A$9 | C55: =IF($B55="","",'У1 Заказы'!$L$2) | D55: =IF('У1 Заказы'!L9="","",'У1 Заказы'!L9) | E55: =IF('У1 Заказы'!M9="","",'У1 Заказы'!M9) | F55: =IF(OR(D55="",E55="",E55=0),"",WORKDAY(D55,MAX(0,CEILING(E55,1)-1))) | G55: =IF('У1 Заказы'!N9="","",'У1 Заказы'!N9) | J55: =IF(D55="","",IF(WEEKDAY(D55,2)>5,"⚠ Выходной","Рабочий день")) | K55: =IF(OR($B55="",D55=""),"",IF(G55<>"","✔ Выполнен","В работе"))
A56: 45 | B56: ='У1 Заказы'!$A$9 | C56: =IF($B56="","",'У1 Заказы'!$O$2) | D56: =IF('У1 Заказы'!O9="","",'У1 Заказы'!O9) | E56: =IF('У1 Заказы'!P9="","",'У1 Заказы'!P9) | F56: =IF(OR(D56="",E56="",E56=0),"",WORKDAY(D56,MAX(0,CEILING(E56,1)-1))) | G56: =IF('У1 Заказы'!Q9="","",'У1 Заказы'!Q9) | J56: =IF(D56="","",IF(WEEKDAY(D56,2)>5,"⚠ Выходной","Рабочий день")) | K56: =IF(OR($B56="",D56=""),"",IF(G56<>"","✔ Выполнен","В работе"))
A57: 46 | B57: ='У1 Заказы'!$A$9 | C57: =IF($B57="","",'У1 Заказы'!$R$2) | D57: =IF('У1 Заказы'!R9="","",'У1 Заказы'!R9) | E57: =IF('У1 Заказы'!S9="","",'У1 Заказы'!S9) | F57: =IF(OR(D57="",E57="",E57=0),"",WORKDAY(D57,MAX(0,CEILING(E57,1)-1))) | G57: =IF('У1 Заказы'!T9="","",'У1 Заказы'!T9) | J57: =IF(D57="","",IF(WEEKDAY(D57,2)>5,"⚠ Выходной","Рабочий день")) | K57: =IF(OR($B57="",D57=""),"",IF(G57<>"","✔ Выполнен","В работе"))
A58: 47 | B58: ='У1 Заказы'!$A$9 | C58: =IF($B58="","",'У1 Заказы'!$U$2) | D58: =IF('У1 Заказы'!U9="","",'У1 Заказы'!U9) | E58: =IF('У1 Заказы'!V9="","",'У1 Заказы'!V9) | F58: =IF(OR(D58="",E58="",E58=0),"",WORKDAY(D58,MAX(0,CEILING(E58,1)-1))) | G58: =IF('У1 Заказы'!W9="","",'У1 Заказы'!W9) | J58: =IF(D58="","",IF(WEEKDAY(D58,2)>5,"⚠ Выходной","Рабочий день")) | K58: =IF(OR($B58="",D58=""),"",IF(G58<>"","✔ Выполнен","В работе"))
A59: 48 | B59: ='У1 Заказы'!$A$9 | C59: =IF($B59="","",'У1 Заказы'!$X$2) | D59: =IF('У1 Заказы'!X9="","",'У1 Заказы'!X9) | E59: =IF('У1 Заказы'!Y9="","",'У1 Заказы'!Y9) | F59: =IF(OR(D59="",E59="",E59=0),"",WORKDAY(D59,MAX(0,CEILING(E59,1)-1))) | G59: =IF('У1 Заказы'!Z9="","",'У1 Заказы'!Z9) | J59: =IF(D59="","",IF(WEEKDAY(D59,2)>5,"⚠ Выходной","Рабочий день")) | K59: =IF(OR($B59="",D59=""),"",IF(G59<>"","✔ Выполнен","В работе"))
A60: 49 | B60: ='У1 Заказы'!$A$10 | C60: =IF($B60="","",'У1 Заказы'!$C$2) | D60: =IF('У1 Заказы'!C10="","",'У1 Заказы'!C10) | E60: =IF('У1 Заказы'!D10="","",'У1 Заказы'!D10) | F60: =IF(OR(D60="",E60="",E60=0),"",WORKDAY(D60,MAX(0,CEILING(E60,1)-1))) | G60: =IF('У1 Заказы'!E10="","",'У1 Заказы'!E10) | J60: =IF(D60="","",IF(WEEKDAY(D60,2)>5,"⚠ Выходной","Рабочий день")) | K60: =IF(OR($B60="",D60=""),"",IF(G60<>"","✔ Выполнен","В работе"))
A61: 50 | B61: ='У1 Заказы'!$A$10 | C61: =IF($B61="","",'У1 Заказы'!$F$2) | D61: =IF('У1 Заказы'!F10="","",'У1 Заказы'!F10) | E61: =IF('У1 Заказы'!G10="","",'У1 Заказы'!G10) | F61: =IF(OR(D61="",E61="",E61=0),"",WORKDAY(D61,MAX(0,CEILING(E61,1)-1))) | G61: =IF('У1 Заказы'!H10="","",'У1 Заказы'!H10) | J61: =IF(D61="","",IF(WEEKDAY(D61,2)>5,"⚠ Выходной","Рабочий день")) | K61: =IF(OR($B61="",D61=""),"",IF(G61<>"","✔ Выполнен","В работе"))
A62: 51 | B62: ='У1 Заказы'!$A$10 | C62: =IF($B62="","",'У1 Заказы'!$I$2) | D62: =IF('У1 Заказы'!I10="","",'У1 Заказы'!I10) | E62: =IF('У1 Заказы'!J10="","",'У1 Заказы'!J10) | F62: =IF(OR(D62="",E62="",E62=0),"",WORKDAY(D62,MAX(0,CEILING(E62,1)-1))) | G62: =IF('У1 Заказы'!K10="","",'У1 Заказы'!K10) | J62: =IF(D62="","",IF(WEEKDAY(D62,2)>5,"⚠ Выходной","Рабочий день")) | K62: =IF(OR($B62="",D62=""),"",IF(G62<>"","✔ Выполнен","В работе"))
A63: 52 | B63: ='У1 Заказы'!$A$10 | C63: =IF($B63="","",'У1 Заказы'!$L$2) | D63: =IF('У1 Заказы'!L10="","",'У1 Заказы'!L10) | E63: =IF('У1 Заказы'!M10="","",'У1 Заказы'!M10) | F63: =IF(OR(D63="",E63="",E63=0),"",WORKDAY(D63,MAX(0,CEILING(E63,1)-1))) | G63: =IF('У1 Заказы'!N10="","",'У1 Заказы'!N10) | J63: =IF(D63="","",IF(WEEKDAY(D63,2)>5,"⚠ Выходной","Рабочий день")) | K63: =IF(OR($B63="",D63=""),"",IF(G63<>"","✔ Выполнен","В работе"))
A64: 53 | B64: ='У1 Заказы'!$A$10 | C64: =IF($B64="","",'У1 Заказы'!$O$2) | D64: =IF('У1 Заказы'!O10="","",'У1 Заказы'!O10) | E64: =IF('У1 Заказы'!P10="","",'У1 Заказы'!P10) | F64: =IF(OR(D64="",E64="",E64=0),"",WORKDAY(D64,MAX(0,CEILING(E64,1)-1))) | G64: =IF('У1 Заказы'!Q10="","",'У1 Заказы'!Q10) | J64: =IF(D64="","",IF(WEEKDAY(D64,2)>5,"⚠ Выходной","Рабочий день")) | K64: =IF(OR($B64="",D64=""),"",IF(G64<>"","✔ Выполнен","В работе"))
A65: 54 | B65: ='У1 Заказы'!$A$10 | C65: =IF($B65="","",'У1 Заказы'!$R$2) | D65: =IF('У1 Заказы'!R10="","",'У1 Заказы'!R10) | E65: =IF('У1 Заказы'!S10="","",'У1 Заказы'!S10) | F65: =IF(OR(D65="",E65="",E65=0),"",WORKDAY(D65,MAX(0,CEILING(E65,1)-1))) | G65: =IF('У1 Заказы'!T10="","",'У1 Заказы'!T10) | J65: =IF(D65="","",IF(WEEKDAY(D65,2)>5,"⚠ Выходной","Рабочий день")) | K65: =IF(OR($B65="",D65=""),"",IF(G65<>"","✔ Выполнен","В работе"))
A66: 55 | B66: ='У1 Заказы'!$A$10 | C66: =IF($B66="","",'У1 Заказы'!$U$2) | D66: =IF('У1 Заказы'!U10="","",'У1 Заказы'!U10) | E66: =IF('У1 Заказы'!V10="","",'У1 Заказы'!V10) | F66: =IF(OR(D66="",E66="",E66=0),"",WORKDAY(D66,MAX(0,CEILING(E66,1)-1))) | G66: =IF('У1 Заказы'!W10="","",'У1 Заказы'!W10) | J66: =IF(D66="","",IF(WEEKDAY(D66,2)>5,"⚠ Выходной","Рабочий день")) | K66: =IF(OR($B66="",D66=""),"",IF(G66<>"","✔ Выполнен","В работе"))
A67: 56 | B67: ='У1 Заказы'!$A$10 | C67: =IF($B67="","",'У1 Заказы'!$X$2) | D67: =IF('У1 Заказы'!X10="","",'У1 Заказы'!X10) | E67: =IF('У1 Заказы'!Y10="","",'У1 Заказы'!Y10) | F67: =IF(OR(D67="",E67="",E67=0),"",WORKDAY(D67,MAX(0,CEILING(E67,1)-1))) | G67: =IF('У1 Заказы'!Z10="","",'У1 Заказы'!Z10) | J67: =IF(D67="","",IF(WEEKDAY(D67,2)>5,"⚠ Выходной","Рабочий день")) | K67: =IF(OR($B67="",D67=""),"",IF(G67<>"","✔ Выполнен","В работе"))
A68: 57 | B68: ='У1 Заказы'!$A$11 | C68: =IF($B68="","",'У1 Заказы'!$C$2) | D68: =IF('У1 Заказы'!C11="","",'У1 Заказы'!C11) | E68: =IF('У1 Заказы'!D11="","",'У1 Заказы'!D11) | F68: =IF(OR(D68="",E68="",E68=0),"",WORKDAY(D68,MAX(0,CEILING(E68,1)-1))) | G68: =IF('У1 Заказы'!E11="","",'У1 Заказы'!E11) | J68: =IF(D68="","",IF(WEEKDAY(D68,2)>5,"⚠ Выходной","Рабочий день")) | K68: =IF(OR($B68="",D68=""),"",IF(G68<>"","✔ Выполнен","В работе"))
A69: 58 | B69: ='У1 Заказы'!$A$11 | C69: =IF($B69="","",'У1 Заказы'!$F$2) | D69: =IF('У1 Заказы'!F11="","",'У1 Заказы'!F11) | E69: =IF('У1 Заказы'!G11="","",'У1 Заказы'!G11) | F69: =IF(OR(D69="",E69="",E69=0),"",WORKDAY(D69,MAX(0,CEILING(E69,1)-1))) | G69: =IF('У1 Заказы'!H11="","",'У1 Заказы'!H11) | J69: =IF(D69="","",IF(WEEKDAY(D69,2)>5,"⚠ Выходной","Рабочий день")) | K69: =IF(OR($B69="",D69=""),"",IF(G69<>"","✔ Выполнен","В работе"))
A70: 59 | B70: ='У1 Заказы'!$A$11 | C70: =IF($B70="","",'У1 Заказы'!$I$2) | D70: =IF('У1 Заказы'!I11="","",'У1 Заказы'!I11) | E70: =IF('У1 Заказы'!J11="","",'У1 Заказы'!J11) | F70: =IF(OR(D70="",E70="",E70=0),"",WORKDAY(D70,MAX(0,CEILING(E70,1)-1))) | G70: =IF('У1 Заказы'!K11="","",'У1 Заказы'!K11) | J70: =IF(D70="","",IF(WEEKDAY(D70,2)>5,"⚠ Выходной","Рабочий день")) | K70: =IF(OR($B70="",D70=""),"",IF(G70<>"","✔ Выполнен","В работе"))
A71: 60 | B71: ='У1 Заказы'!$A$11 | C71: =IF($B71="","",'У1 Заказы'!$L$2) | D71: =IF('У1 Заказы'!L11="","",'У1 Заказы'!L11) | E71: =IF('У1 Заказы'!M11="","",'У1 Заказы'!M11) | F71: =IF(OR(D71="",E71="",E71=0),"",WORKDAY(D71,MAX(0,CEILING(E71,1)-1))) | G71: =IF('У1 Заказы'!N11="","",'У1 Заказы'!N11) | J71: =IF(D71="","",IF(WEEKDAY(D71,2)>5,"⚠ Выходной","Рабочий день")) | K71: =IF(OR($B71="",D71=""),"",IF(G71<>"","✔ Выполнен","В работе"))
A72: 61 | B72: ='У1 Заказы'!$A$11 | C72: =IF($B72="","",'У1 Заказы'!$O$2) | D72: =IF('У1 Заказы'!O11="","",'У1 Заказы'!O11) | E72: =IF('У1 Заказы'!P11="","",'У1 Заказы'!P11) | F72: =IF(OR(D72="",E72="",E72=0),"",WORKDAY(D72,MAX(0,CEILING(E72,1)-1))) | G72: =IF('У1 Заказы'!Q11="","",'У1 Заказы'!Q11) | J72: =IF(D72="","",IF(WEEKDAY(D72,2)>5,"⚠ Выходной","Рабочий день")) | K72: =IF(OR($B72="",D72=""),"",IF(G72<>"","✔ Выполнен","В работе"))
A73: 62 | B73: ='У1 Заказы'!$A$11 | C73: =IF($B73="","",'У1 Заказы'!$R$2) | D73: =IF('У1 Заказы'!R11="","",'У1 Заказы'!R11) | E73: =IF('У1 Заказы'!S11="","",'У1 Заказы'!S11) | F73: =IF(OR(D73="",E73="",E73=0),"",WORKDAY(D73,MAX(0,CEILING(E73,1)-1))) | G73: =IF('У1 Заказы'!T11="","",'У1 Заказы'!T11) | J73: =IF(D73="","",IF(WEEKDAY(D73,2)>5,"⚠ Выходной","Рабочий день")) | K73: =IF(OR($B73="",D73=""),"",IF(G73<>"","✔ Выполнен","В работе"))
A74: 63 | B74: ='У1 Заказы'!$A$11 | C74: =IF($B74="","",'У1 Заказы'!$U$2) | D74: =IF('У1 Заказы'!U11="","",'У1 Заказы'!U11) | E74: =IF('У1 Заказы'!V11="","",'У1 Заказы'!V11) | F74: =IF(OR(D74="",E74="",E74=0),"",WORKDAY(D74,MAX(0,CEILING(E74,1)-1))) | G74: =IF('У1 Заказы'!W11="","",'У1 Заказы'!W11) | J74: =IF(D74="","",IF(WEEKDAY(D74,2)>5,"⚠ Выходной","Рабочий день")) | K74: =IF(OR($B74="",D74=""),"",IF(G74<>"","✔ Выполнен","В работе"))
A75: 64 | B75: ='У1 Заказы'!$A$11 | C75: =IF($B75="","",'У1 Заказы'!$X$2) | D75: =IF('У1 Заказы'!X11="","",'У1 Заказы'!X11) | E75: =IF('У1 Заказы'!Y11="","",'У1 Заказы'!Y11) | F75: =IF(OR(D75="",E75="",E75=0),"",WORKDAY(D75,MAX(0,CEILING(E75,1)-1))) | G75: =IF('У1 Заказы'!Z11="","",'У1 Заказы'!Z11) | J75: =IF(D75="","",IF(WEEKDAY(D75,2)>5,"⚠ Выходной","Рабочий день")) | K75: =IF(OR($B75="",D75=""),"",IF(G75<>"","✔ Выполнен","В работе"))
A76: 65 | B76: ='У1 Заказы'!$A$12 | C76: =IF($B76="","",'У1 Заказы'!$C$2) | D76: =IF('У1 Заказы'!C12="","",'У1 Заказы'!C12) | E76: =IF('У1 Заказы'!D12="","",'У1 Заказы'!D12) | F76: =IF(OR(D76="",E76="",E76=0),"",WORKDAY(D76,MAX(0,CEILING(E76,1)-1))) | G76: =IF('У1 Заказы'!E12="","",'У1 Заказы'!E12) | J76: =IF(D76="","",IF(WEEKDAY(D76,2)>5,"⚠ Выходной","Рабочий день")) | K76: =IF(OR($B76="",D76=""),"",IF(G76<>"","✔ Выполнен","В работе"))
A77: 66 | B77: ='У1 Заказы'!$A$12 | C77: =IF($B77="","",'У1 Заказы'!$F$2) | D77: =IF('У1 Заказы'!F12="","",'У1 Заказы'!F12) | E77: =IF('У1 Заказы'!G12="","",'У1 Заказы'!G12) | F77: =IF(OR(D77="",E77="",E77=0),"",WORKDAY(D77,MAX(0,CEILING(E77,1)-1))) | G77: =IF('У1 Заказы'!H12="","",'У1 Заказы'!H12) | J77: =IF(D77="","",IF(WEEKDAY(D77,2)>5,"⚠ Выходной","Рабочий день")) | K77: =IF(OR($B77="",D77=""),"",IF(G77<>"","✔ Выполнен","В работе"))
A78: 67 | B78: ='У1 Заказы'!$A$12 | C78: =IF($B78="","",'У1 Заказы'!$I$2) | D78: =IF('У1 Заказы'!I12="","",'У1 Заказы'!I12) | E78: =IF('У1 Заказы'!J12="","",'У1 Заказы'!J12) | F78: =IF(OR(D78="",E78="",E78=0),"",WORKDAY(D78,MAX(0,CEILING(E78,1)-1))) | G78: =IF('У1 Заказы'!K12="","",'У1 Заказы'!K12) | J78: =IF(D78="","",IF(WEEKDAY(D78,2)>5,"⚠ Выходной","Рабочий день")) | K78: =IF(OR($B78="",D78=""),"",IF(G78<>"","✔ Выполнен","В работе"))
A79: 68 | B79: ='У1 Заказы'!$A$12 | C79: =IF($B79="","",'У1 Заказы'!$L$2) | D79: =IF('У1 Заказы'!L12="","",'У1 Заказы'!L12) | E79: =IF('У1 Заказы'!M12="","",'У1 Заказы'!M12) | F79: =IF(OR(D79="",E79="",E79=0),"",WORKDAY(D79,MAX(0,CEILING(E79,1)-1))) | G79: =IF('У1 Заказы'!N12="","",'У1 Заказы'!N12) | J79: =IF(D79="","",IF(WEEKDAY(D79,2)>5,"⚠ Выходной","Рабочий день")) | K79: =IF(OR($B79="",D79=""),"",IF(G79<>"","✔ Выполнен","В работе"))
A80: 69 | B80: ='У1 Заказы'!$A$12 | C80: =IF($B80="","",'У1 Заказы'!$O$2) | D80: =IF('У1 Заказы'!O12="","",'У1 Заказы'!O12) | E80: =IF('У1 Заказы'!P12="","",'У1 Заказы'!P12) | F80: =IF(OR(D80="",E80="",E80=0),"",WORKDAY(D80,MAX(0,CEILING(E80,1)-1))) | G80: =IF('У1 Заказы'!Q12="","",'У1 Заказы'!Q12) | J80: =IF(D80="","",IF(WEEKDAY(D80,2)>5,"⚠ Выходной","Рабочий день")) | K80: =IF(OR($B80="",D80=""),"",IF(G80<>"","✔ Выполнен","В работе"))
A81: 70 | B81: ='У1 Заказы'!$A$12 | C81: =IF($B81="","",'У1 Заказы'!$R$2) | D81: =IF('У1 Заказы'!R12="","",'У1 Заказы'!R12) | E81: =IF('У1 Заказы'!S12="","",'У1 Заказы'!S12) | F81: =IF(OR(D81="",E81="",E81=0),"",WORKDAY(D81,MAX(0,CEILING(E81,1)-1))) | G81: =IF('У1 Заказы'!T12="","",'У1 Заказы'!T12) | J81: =IF(D81="","",IF(WEEKDAY(D81,2)>5,"⚠ Выходной","Рабочий день")) | K81: =IF(OR($B81="",D81=""),"",IF(G81<>"","✔ Выполнен","В работе"))
A82: 71 | B82: ='У1 Заказы'!$A$12 | C82: =IF($B82="","",'У1 Заказы'!$U$2) | D82: =IF('У1 Заказы'!U12="","",'У1 Заказы'!U12) | E82: =IF('У1 Заказы'!V12="","",'У1 Заказы'!V12) | F82: =IF(OR(D82="",E82="",E82=0),"",WORKDAY(D82,MAX(0,CEILING(E82,1)-1))) | G82: =IF('У1 Заказы'!W12="","",'У1 Заказы'!W12) | J82: =IF(D82="","",IF(WEEKDAY(D82,2)>5,"⚠ Выходной","Рабочий день")) | K82: =IF(OR($B82="",D82=""),"",IF(G82<>"","✔ Выполнен","В работе"))
A83: 72 | B83: ='У1 Заказы'!$A$12 | C83: =IF($B83="","",'У1 Заказы'!$X$2) | D83: =IF('У1 Заказы'!X12="","",'У1 Заказы'!X12) | E83: =IF('У1 Заказы'!Y12="","",'У1 Заказы'!Y12) | F83: =IF(OR(D83="",E83="",E83=0),"",WORKDAY(D83,MAX(0,CEILING(E83,1)-1))) | G83: =IF('У1 Заказы'!Z12="","",'У1 Заказы'!Z12) | J83: =IF(D83="","",IF(WEEKDAY(D83,2)>5,"⚠ Выходной","Рабочий день")) | K83: =IF(OR($B83="",D83=""),"",IF(G83<>"","✔ Выполнен","В работе"))
A84: 73 | B84: ='У1 Заказы'!$A$13 | C84: =IF($B84="","",'У1 Заказы'!$C$2) | D84: =IF('У1 Заказы'!C13="","",'У1 Заказы'!C13) | E84: =IF('У1 Заказы'!D13="","",'У1 Заказы'!D13) | F84: =IF(OR(D84="",E84="",E84=0),"",WORKDAY(D84,MAX(0,CEILING(E84,1)-1))) | G84: =IF('У1 Заказы'!E13="","",'У1 Заказы'!E13) | J84: =IF(D84="","",IF(WEEKDAY(D84,2)>5,"⚠ Выходной","Рабочий день")) | K84: =IF(OR($B84="",D84=""),"",IF(G84<>"","✔ Выполнен","В работе"))
A85: 74 | B85: ='У1 Заказы'!$A$13 | C85: =IF($B85="","",'У1 Заказы'!$F$2) | D85: =IF('У1 Заказы'!F13="","",'У1 Заказы'!F13) | E85: =IF('У1 Заказы'!G13="","",'У1 Заказы'!G13) | F85: =IF(OR(D85="",E85="",E85=0),"",WORKDAY(D85,MAX(0,CEILING(E85,1)-1))) | G85: =IF('У1 Заказы'!H13="","",'У1 Заказы'!H13) | J85: =IF(D85="","",IF(WEEKDAY(D85,2)>5,"⚠ Выходной","Рабочий день")) | K85: =IF(OR($B85="",D85=""),"",IF(G85<>"","✔ Выполнен","В работе"))
A86: 75 | B86: ='У1 Заказы'!$A$13 | C86: =IF($B86="","",'У1 Заказы'!$I$2) | D86: =IF('У1 Заказы'!I13="","",'У1 Заказы'!I13) | E86: =IF('У1 Заказы'!J13="","",'У1 Заказы'!J13) | F86: =IF(OR(D86="",E86="",E86=0),"",WORKDAY(D86,MAX(0,CEILING(E86,1)-1))) | G86: =IF('У1 Заказы'!K13="","",'У1 Заказы'!K13) | J86: =IF(D86="","",IF(WEEKDAY(D86,2)>5,"⚠ Выходной","Рабочий день")) | K86: =IF(OR($B86="",D86=""),"",IF(G86<>"","✔ Выполнен","В работе"))
A87: 76 | B87: ='У1 Заказы'!$A$13 | C87: =IF($B87="","",'У1 Заказы'!$L$2) | D87: =IF('У1 Заказы'!L13="","",'У1 Заказы'!L13) | E87: =IF('У1 Заказы'!M13="","",'У1 Заказы'!M13) | F87: =IF(OR(D87="",E87="",E87=0),"",WORKDAY(D87,MAX(0,CEILING(E87,1)-1))) | G87: =IF('У1 Заказы'!N13="","",'У1 Заказы'!N13) | J87: =IF(D87="","",IF(WEEKDAY(D87,2)>5,"⚠ Выходной","Рабочий день")) | K87: =IF(OR($B87="",D87=""),"",IF(G87<>"","✔ Выполнен","В работе"))
A88: 77 | B88: ='У1 Заказы'!$A$13 | C88: =IF($B88="","",'У1 Заказы'!$O$2) | D88: =IF('У1 Заказы'!O13="","",'У1 Заказы'!O13) | E88: =IF('У1 Заказы'!P13="","",'У1 Заказы'!P13) | F88: =IF(OR(D88="",E88="",E88=0),"",WORKDAY(D88,MAX(0,CEILING(E88,1)-1))) | G88: =IF('У1 Заказы'!Q13="","",'У1 Заказы'!Q13) | J88: =IF(D88="","",IF(WEEKDAY(D88,2)>5,"⚠ Выходной","Рабочий день")) | K88: =IF(OR($B88="",D88=""),"",IF(G88<>"","✔ Выполнен","В работе"))
A89: 78 | B89: ='У1 Заказы'!$A$13 | C89: =IF($B89="","",'У1 Заказы'!$R$2) | D89: =IF('У1 Заказы'!R13="","",'У1 Заказы'!R13) | E89: =IF('У1 Заказы'!S13="","",'У1 Заказы'!S13) | F89: =IF(OR(D89="",E89="",E89=0),"",WORKDAY(D89,MAX(0,CEILING(E89,1)-1))) | G89: =IF('У1 Заказы'!T13="","",'У1 Заказы'!T13) | J89: =IF(D89="","",IF(WEEKDAY(D89,2)>5,"⚠ Выходной","Рабочий день")) | K89: =IF(OR($B89="",D89=""),"",IF(G89<>"","✔ Выполнен","В работе"))
A90: 79 | B90: ='У1 Заказы'!$A$13 | C90: =IF($B90="","",'У1 Заказы'!$U$2) | D90: =IF('У1 Заказы'!U13="","",'У1 Заказы'!U13) | E90: =IF('У1 Заказы'!V13="","",'У1 Заказы'!V13) | F90: =IF(OR(D90="",E90="",E90=0),"",WORKDAY(D90,MAX(0,CEILING(E90,1)-1))) | G90: =IF('У1 Заказы'!W13="","",'У1 Заказы'!W13) | J90: =IF(D90="","",IF(WEEKDAY(D90,2)>5,"⚠ Выходной","Рабочий день")) | K90: =IF(OR($B90="",D90=""),"",IF(G90<>"","✔ Выполнен","В работе"))
A91: 80 | B91: ='У1 Заказы'!$A$13 | C91: =IF($B91="","",'У1 Заказы'!$X$2) | D91: =IF('У1 Заказы'!X13="","",'У1 Заказы'!X13) | E91: =IF('У1 Заказы'!Y13="","",'У1 Заказы'!Y13) | F91: =IF(OR(D91="",E91="",E91=0),"",WORKDAY(D91,MAX(0,CEILING(E91,1)-1))) | G91: =IF('У1 Заказы'!Z13="","",'У1 Заказы'!Z13) | J91: =IF(D91="","",IF(WEEKDAY(D91,2)>5,"⚠ Выходной","Рабочий день")) | K91: =IF(OR($B91="",D91=""),"",IF(G91<>"","✔ Выполнен","В работе"))
A92: 81 | B92: ='У1 Заказы'!$A$14 | C92: =IF($B92="","",'У1 Заказы'!$C$2) | D92: =IF('У1 Заказы'!C14="","",'У1 Заказы'!C14) | E92: =IF('У1 Заказы'!D14="","",'У1 Заказы'!D14) | F92: =IF(OR(D92="",E92="",E92=0),"",WORKDAY(D92,MAX(0,CEILING(E92,1)-1))) | G92: =IF('У1 Заказы'!E14="","",'У1 Заказы'!E14) | J92: =IF(D92="","",IF(WEEKDAY(D92,2)>5,"⚠ Выходной","Рабочий день")) | K92: =IF(OR($B92="",D92=""),"",IF(G92<>"","✔ Выполнен","В работе"))
A93: 82 | B93: ='У1 Заказы'!$A$14 | C93: =IF($B93="","",'У1 Заказы'!$F$2) | D93: =IF('У1 Заказы'!F14="","",'У1 Заказы'!F14) | E93: =IF('У1 Заказы'!G14="","",'У1 Заказы'!G14) | F93: =IF(OR(D93="",E93="",E93=0),"",WORKDAY(D93,MAX(0,CEILING(E93,1)-1))) | G93: =IF('У1 Заказы'!H14="","",'У1 Заказы'!H14) | J93: =IF(D93="","",IF(WEEKDAY(D93,2)>5,"⚠ Выходной","Рабочий день")) | K93: =IF(OR($B93="",D93=""),"",IF(G93<>"","✔ Выполнен","В работе"))
A94: 83 | B94: ='У1 Заказы'!$A$14 | C94: =IF($B94="","",'У1 Заказы'!$I$2) | D94: =IF('У1 Заказы'!I14="","",'У1 Заказы'!I14) | E94: =IF('У1 Заказы'!J14="","",'У1 Заказы'!J14) | F94: =IF(OR(D94="",E94="",E94=0),"",WORKDAY(D94,MAX(0,CEILING(E94,1)-1))) | G94: =IF('У1 Заказы'!K14="","",'У1 Заказы'!K14) | J94: =IF(D94="","",IF(WEEKDAY(D94,2)>5,"⚠ Выходной","Рабочий день")) | K94: =IF(OR($B94="",D94=""),"",IF(G94<>"","✔ Выполнен","В работе"))
A95: 84 | B95: ='У1 Заказы'!$A$14 | C95: =IF($B95="","",'У1 Заказы'!$L$2) | D95: =IF('У1 Заказы'!L14="","",'У1 Заказы'!L14) | E95: =IF('У1 Заказы'!M14="","",'У1 Заказы'!M14) | F95: =IF(OR(D95="",E95="",E95=0),"",WORKDAY(D95,MAX(0,CEILING(E95,1)-1))) | G95: =IF('У1 Заказы'!N14="","",'У1 Заказы'!N14) | J95: =IF(D95="","",IF(WEEKDAY(D95,2)>5,"⚠ Выходной","Рабочий день")) | K95: =IF(OR($B95="",D95=""),"",IF(G95<>"","✔ Выполнен","В работе"))
A96: 85 | B96: ='У1 Заказы'!$A$14 | C96: =IF($B96="","",'У1 Заказы'!$O$2) | D96: =IF('У1 Заказы'!O14="","",'У1 Заказы'!O14) | E96: =IF('У1 Заказы'!P14="","",'У1 Заказы'!P14) | F96: =IF(OR(D96="",E96="",E96=0),"",WORKDAY(D96,MAX(0,CEILING(E96,1)-1))) | G96: =IF('У1 Заказы'!Q14="","",'У1 Заказы'!Q14) | J96: =IF(D96="","",IF(WEEKDAY(D96,2)>5,"⚠ Выходной","Рабочий день")) | K96: =IF(OR($B96="",D96=""),"",IF(G96<>"","✔ Выполнен","В работе"))
A97: 86 | B97: ='У1 Заказы'!$A$14 | C97: =IF($B97="","",'У1 Заказы'!$R$2) | D97: =IF('У1 Заказы'!R14="","",'У1 Заказы'!R14) | E97: =IF('У1 Заказы'!S14="","",'У1 Заказы'!S14) | F97: =IF(OR(D97="",E97="",E97=0),"",WORKDAY(D97,MAX(0,CEILING(E97,1)-1))) | G97: =IF('У1 Заказы'!T14="","",'У1 Заказы'!T14) | J97: =IF(D97="","",IF(WEEKDAY(D97,2)>5,"⚠ Выходной","Рабочий день")) | K97: =IF(OR($B97="",D97=""),"",IF(G97<>"","✔ Выполнен","В работе"))
A98: 87 | B98: ='У1 Заказы'!$A$14 | C98: =IF($B98="","",'У1 Заказы'!$U$2) | D98: =IF('У1 Заказы'!U14="","",'У1 Заказы'!U14) | E98: =IF('У1 Заказы'!V14="","",'У1 Заказы'!V14) | F98: =IF(OR(D98="",E98="",E98=0),"",WORKDAY(D98,MAX(0,CEILING(E98,1)-1))) | G98: =IF('У1 Заказы'!W14="","",'У1 Заказы'!W14) | J98: =IF(D98="","",IF(WEEKDAY(D98,2)>5,"⚠ Выходной","Рабочий день")) | K98: =IF(OR($B98="",D98=""),"",IF(G98<>"","✔ Выполнен","В работе"))
A99: 88 | B99: ='У1 Заказы'!$A$14 | C99: =IF($B99="","",'У1 Заказы'!$X$2) | D99: =IF('У1 Заказы'!X14="","",'У1 Заказы'!X14) | E99: =IF('У1 Заказы'!Y14="","",'У1 Заказы'!Y14) | F99: =IF(OR(D99="",E99="",E99=0),"",WORKDAY(D99,MAX(0,CEILING(E99,1)-1))) | G99: =IF('У1 Заказы'!Z14="","",'У1 Заказы'!Z14) | J99: =IF(D99="","",IF(WEEKDAY(D99,2)>5,"⚠ Выходной","Рабочий день")) | K99: =IF(OR($B99="",D99=""),"",IF(G99<>"","✔ Выполнен","В работе"))
A100: 89 | B100: ='У1 Заказы'!$A$15 | C100: =IF($B100="","",'У1 Заказы'!$C$2) | D100: =IF('У1 Заказы'!C15="","",'У1 Заказы'!C15) | E100: =IF('У1 Заказы'!D15="","",'У1 Заказы'!D15) | F100: =IF(OR(D100="",E100="",E100=0),"",WORKDAY(D100,MAX(0,CEILING(E100,1)-1))) | G100: =IF('У1 Заказы'!E15="","",'У1 Заказы'!E15) | J100: =IF(D100="","",IF(WEEKDAY(D100,2)>5,"⚠ Выходной","Рабочий день")) | K100: =IF(OR($B100="",D100=""),"",IF(G100<>"","✔ Выполнен","В работе"))
A101: 90 | B101: ='У1 Заказы'!$A$15 | C101: =IF($B101="","",'У1 Заказы'!$F$2) | D101: =IF('У1 Заказы'!F15="","",'У1 Заказы'!F15) | E101: =IF('У1 Заказы'!G15="","",'У1 Заказы'!G15) | F101: =IF(OR(D101="",E101="",E101=0),"",WORKDAY(D101,MAX(0,CEILING(E101,1)-1))) | G101: =IF('У1 Заказы'!H15="","",'У1 Заказы'!H15) | J101: =IF(D101="","",IF(WEEKDAY(D101,2)>5,"⚠ Выходной","Рабочий день")) | K101: =IF(OR($B101="",D101=""),"",IF(G101<>"","✔ Выполнен","В работе"))
A102: 91 | B102: ='У1 Заказы'!$A$15 | C102: =IF($B102="","",'У1 Заказы'!$I$2) | D102: =IF('У1 Заказы'!I15="","",'У1 Заказы'!I15) | E102: =IF('У1 Заказы'!J15="","",'У1 Заказы'!J15) | F102: =IF(OR(D102="",E102="",E102=0),"",WORKDAY(D102,MAX(0,CEILING(E102,1)-1))) | G102: =IF('У1 Заказы'!K15="","",'У1 Заказы'!K15) | J102: =IF(D102="","",IF(WEEKDAY(D102,2)>5,"⚠ Выходной","Рабочий день")) | K102: =IF(OR($B102="",D102=""),"",IF(G102<>"","✔ Выполнен","В работе"))
A103: 92 | B103: ='У1 Заказы'!$A$15 | C103: =IF($B103="","",'У1 Заказы'!$L$2) | D103: =IF('У1 Заказы'!L15="","",'У1 Заказы'!L15) | E103: =IF('У1 Заказы'!M15="","",'У1 Заказы'!M15) | F103: =IF(OR(D103="",E103="",E103=0),"",WORKDAY(D103,MAX(0,CEILING(E103,1)-1))) | G103: =IF('У1 Заказы'!N15="","",'У1 Заказы'!N15) | J103: =IF(D103="","",IF(WEEKDAY(D103,2)>5,"⚠ Выходной","Рабочий день")) | K103: =IF(OR($B103="",D103=""),"",IF(G103<>"","✔ Выполнен","В работе"))
A104: 93 | B104: ='У1 Заказы'!$A$15 | C104: =IF($B104="","",'У1 Заказы'!$O$2) | D104: =IF('У1 Заказы'!O15="","",'У1 Заказы'!O15) | E104: =IF('У1 Заказы'!P15="","",'У1 Заказы'!P15) | F104: =IF(OR(D104="",E104="",E104=0),"",WORKDAY(D104,MAX(0,CEILING(E104,1)-1))) | G104: =IF('У1 Заказы'!Q15="","",'У1 Заказы'!Q15) | J104: =IF(D104="","",IF(WEEKDAY(D104,2)>5,"⚠ Выходной","Рабочий день")) | K104: =IF(OR($B104="",D104=""),"",IF(G104<>"","✔ Выполнен","В работе"))
A105: 94 | B105: ='У1 Заказы'!$A$15 | C105: =IF($B105="","",'У1 Заказы'!$R$2) | D105: =IF('У1 Заказы'!R15="","",'У1 Заказы'!R15) | E105: =IF('У1 Заказы'!S15="","",'У1 Заказы'!S15) | F105: =IF(OR(D105="",E105="",E105=0),"",WORKDAY(D105,MAX(0,CEILING(E105,1)-1))) | G105: =IF('У1 Заказы'!T15="","",'У1 Заказы'!T15) | J105: =IF(D105="","",IF(WEEKDAY(D105,2)>5,"⚠ Выходной","Рабочий день")) | K105: =IF(OR($B105="",D105=""),"",IF(G105<>"","✔ Выполнен","В работе"))
A106: 95 | B106: ='У1 Заказы'!$A$15 | C106: =IF($B106="","",'У1 Заказы'!$U$2) | D106: =IF('У1 Заказы'!U15="","",'У1 Заказы'!U15) | E106: =IF('У1 Заказы'!V15="","",'У1 Заказы'!V15) | F106: =IF(OR(D106="",E106="",E106=0),"",WORKDAY(D106,MAX(0,CEILING(E106,1)-1))) | G106: =IF('У1 Заказы'!W15="","",'У1 Заказы'!W15) | J106: =IF(D106="","",IF(WEEKDAY(D106,2)>5,"⚠ Выходной","Рабочий день")) | K106: =IF(OR($B106="",D106=""),"",IF(G106<>"","✔ Выполнен","В работе"))
A107: 96 | B107: ='У1 Заказы'!$A$15 | C107: =IF($B107="","",'У1 Заказы'!$X$2) | D107: =IF('У1 Заказы'!X15="","",'У1 Заказы'!X15) | E107: =IF('У1 Заказы'!Y15="","",'У1 Заказы'!Y15) | F107: =IF(OR(D107="",E107="",E107=0),"",WORKDAY(D107,MAX(0,CEILING(E107,1)-1))) | G107: =IF('У1 Заказы'!Z15="","",'У1 Заказы'!Z15) | J107: =IF(D107="","",IF(WEEKDAY(D107,2)>5,"⚠ Выходной","Рабочий день")) | K107: =IF(OR($B107="",D107=""),"",IF(G107<>"","✔ Выполнен","В работе"))
...

Sheet У1 Расчёт
A1: День | B1: Дата | C1: Дн | D1: Вых | E1: Итого % | F1: Лимит | G1: =TRIM('У1 Ввод'!B12&" · "&'У1 Ввод'!C12) -> 26-1817 · Схемы | H1: =TRIM('У1 Ввод'!B13&" · "&'У1 Ввод'!C13) -> 26-1817 · Компоновка | I1: =TRIM('У1 Ввод'!B14&" · "&'У1 Ввод'!C14) -> 26-1817 · Деталировка | J1: =TRIM('У1 Ввод'!B15&" · "&'У1 Ввод'!C15) -> 26-1817 · Спецификация | K1: =TRIM('У1 Ввод'!B16&" · "&'У1 Ввод'!C16) -> 26-1817 · Согласование | L1: =TRIM('У1 Ввод'!B17&" · "&'У1 Ввод'!C17) -> 26-1817 · Оп.6 | M1: =TRIM('У1 Ввод'!B18&" · "&'У1 Ввод'!C18) -> 26-1817 · Оп.7 | N1: =TRIM('У1 Ввод'!B19&" · "&'У1 Ввод'!C19) -> 26-1817 · Оп.8 | O1: =TRIM('У1 Ввод'!B20&" · "&'У1 Ввод'!C20) -> 26-1455 · Схемы | P1: =TRIM('У1 Ввод'!B21&" · "&'У1 Ввод'!C21) -> 26-1455 · Компоновка | Q1: =TRIM('У1 Ввод'!B22&" · "&'У1 Ввод'!C22) -> 26-1455 · Деталировка | R1: =TRIM('У1 Ввод'!B23&" · "&'У1 Ввод'!C23) -> 26-1455 · Спецификация | S1: =TRIM('У1 Ввод'!B24&" · "&'У1 Ввод'!C24) -> 26-1455 · Согласование | T1: =TRIM('У1 Ввод'!B25&" · "&'У1 Ввод'!C25) -> 26-1455 · Оп.6 | U1: =TRIM('У1 Ввод'!B26&" · "&'У1 Ввод'!C26) -> 26-1455 · Оп.7 | V1: =TRIM('У1 Ввод'!B27&" · "&'У1 Ввод'!C27) -> 26-1455 · Оп.8 | W1: =TRIM('У1 Ввод'!B28&" · "&'У1 Ввод'!C28) -> 26-1905 · Схемы | X1: =TRIM('У1 Ввод'!B29&" · "&'У1 Ввод'!C29) -> 26-1905 · Компоновка | Y1: =TRIM('У1 Ввод'!B30&" · "&'У1 Ввод'!C30) -> 26-1905 · Деталировка | Z1: =TRIM('У1 Ввод'!B31&" · "&'У1 Ввод'!C31) -> 26-1905 · Спецификация | AA1: =TRIM('У1 Ввод'!B32&" · "&'У1 Ввод'!C32) -> 26-1905 · Согласование | AB1: =TRIM('У1 Ввод'!B33&" · "&'У1 Ввод'!C33) -> 26-1905 · Оп.6 | AC1: =TRIM('У1 Ввод'!B34&" · "&'У1 Ввод'!C34) -> 26-1905 · Оп.7 | AD1: =TRIM('У1 Ввод'!B35&" · "&'У1 Ввод'!C35) -> 26-1905 · Оп.8 | AE1: =TRIM('У1 Ввод'!B36&" · "&'У1 Ввод'!C36) -> · | AF1: =TRIM('У1 Ввод'!B37&" · "&'У1 Ввод'!C37) -> · | AG1: =TRIM('У1 Ввод'!B38&" · "&'У1 Ввод'!C38) -> · | AH1: =TRIM('У1 Ввод'!B39&" · "&'У1 Ввод'!C39) -> · | AI1: =TRIM('У1 Ввод'!B40&" · "&'У1 Ввод'!C40) -> · | AJ1: =TRIM('У1 Ввод'!B41&" · "&'У1 Ввод'!C41) -> · | AK1: =TRIM('У1 Ввод'!B42&" · "&'У1 Ввод'!C42) -> · | AL1: =TRIM('У1 Ввод'!B43&" · "&'У1 Ввод'!C43) -> · | AM1: =TRIM('У1 Ввод'!B44&" · "&'У1 Ввод'!C44) -> · | AN1: =TRIM('У1 Ввод'!B45&" · "&'У1 Ввод'!C45) -> · | AO1: =TRIM('У1 Ввод'!B46&" · "&'У1 Ввод'!C46) -> · | AP1: =TRIM('У1 Ввод'!B47&" · "&'У1 Ввод'!C47) -> · | AQ1: =TRIM('У1 Ввод'!B48&" · "&'У1 Ввод'!C48) -> · | AR1: =TRIM('У1 Ввод'!B49&" · "&'У1 Ввод'!C49) -> · | AS1: =TRIM('У1 Ввод'!B50&" · "&'У1 Ввод'!C50) -> · | AT1: =TRIM('У1 Ввод'!B51&" · "&'У1 Ввод'!C51) -> · | AU1: =TRIM('У1 Ввод'!B52&" · "&'У1 Ввод'!C52) -> · | AV1: =TRIM('У1 Ввод'!B53&" · "&'У1 Ввод'!C53) -> · | AW1: =TRIM('У1 Ввод'!B54&" · "&'У1 Ввод'!C54) -> · | AX1: =TRIM('У1 Ввод'!B55&" · "&'У1 Ввод'!C55) -> · | AY1: =TRIM('У1 Ввод'!B56&" · "&'У1 Ввод'!C56) -> · | AZ1: =TRIM('У1 Ввод'!B57&" · "&'У1 Ввод'!C57) -> · | BA1: =TRIM('У1 Ввод'!B58&" · "&'У1 Ввод'!C58) -> · | BB1: =TRIM('У1 Ввод'!B59&" · "&'У1 Ввод'!C59) -> · | BC1: =TRIM('У1 Ввод'!B60&" · "&'У1 Ввод'!C60) -> · | BD1: =TRIM('У1 Ввод'!B61&" · "&'У1 Ввод'!C61) -> · | BE1: =TRIM('У1 Ввод'!B62&" · "&'У1 Ввод'!C62) -> · | BF1: =TRIM('У1 Ввод'!B63&" · "&'У1 Ввод'!C63) -> · | BG1: =TRIM('У1 Ввод'!B64&" · "&'У1 Ввод'!C64) -> · | BH1: =TRIM('У1 Ввод'!B65&" · "&'У1 Ввод'!C65) -> · | BI1: =TRIM('У1 Ввод'!B66&" · "&'У1 Ввод'!C66) -> · | BJ1: =TRIM('У1 Ввод'!B67&" · "&'У1 Ввод'!C67) -> · | BK1: =TRIM('У1 Ввод'!B68&" · "&'У1 Ввод'!C68) -> · | BL1: =TRIM('У1 Ввод'!B69&" · "&'У1 Ввод'!C69) -> · | BM1: =TRIM('У1 Ввод'!B70&" · "&'У1 Ввод'!C70) -> · | BN1: =TRIM('У1 Ввод'!B71&" · "&'У1 Ввод'!C71) -> · | BO1: =TRIM('У1 Ввод'!B72&" · "&'У1 Ввод'!C72) -> · | BP1: =TRIM('У1 Ввод'!B73&" · "&'У1 Ввод'!C73) -> · | BQ1: =TRIM('У1 Ввод'!B74&" · "&'У1 Ввод'!C74) -> · | BR1: =TRIM('У1 Ввод'!B75&" · "&'У1 Ввод'!C75) -> · | BS1: =TRIM('У1 Ввод'!B76&" · "&'У1 Ввод'!C76) -> · | BT1: =TRIM('У1 Ввод'!B77&" · "&'У1 Ввод'!C77) -> · | BU1: =TRIM('У1 Ввод'!B78&" · "&'У1 Ввод'!C78) -> · | BV1: =TRIM('У1 Ввод'!B79&" · "&'У1 Ввод'!C79) -> · | BW1: =TRIM('У1 Ввод'!B80&" · "&'У1 Ввод'!C80) -> · | BX1: =TRIM('У1 Ввод'!B81&" · "&'У1 Ввод'!C81) -> · | BY1: =TRIM('У1 Ввод'!B82&" · "&'У1 Ввод'!C82) -> · | BZ1: =TRIM('У1 Ввод'!B83&" · "&'У1 Ввод'!C83) -> · | CA1: =TRIM('У1 Ввод'!B84&" · "&'У1 Ввод'!C84) -> · | CB1: =TRIM('У1 Ввод'!B85&" · "&'У1 Ввод'!C85) -> · | CC1: =TRIM('У1 Ввод'!B86&" · "&'У1 Ввод'!C86) -> · | CD1: =TRIM('У1 Ввод'!B87&" · "&'У1 Ввод'!C87) -> · | CE1: =TRIM('У1 Ввод'!B88&" · "&'У1 Ввод'!C88) -> · | CF1: =TRIM('У1 Ввод'!B89&" · "&'У1 Ввод'!C89) -> · | CG1: =TRIM('У1 Ввод'!B90&" · "&'У1 Ввод'!C90) -> · | CH1: =TRIM('У1 Ввод'!B91&" · "&'У1 Ввод'!C91) -> · | CI1: =TRIM('У1 Ввод'!B92&" · "&'У1 Ввод'!C92) -> · | CJ1: =TRIM('У1 Ввод'!B93&" · "&'У1 Ввод'!C93) -> · | CK1: =TRIM('У1 Ввод'!B94&" · "&'У1 Ввод'!C94) -> · | CL1: =TRIM('У1 Ввод'!B95&" · "&'У1 Ввод'!C95) -> · | CM1: =TRIM('У1 Ввод'!B96&" · "&'У1 Ввод'!C96) -> · | CN1: =TRIM('У1 Ввод'!B97&" · "&'У1 Ввод'!C97) -> · | CO1: =TRIM('У1 Ввод'!B98&" · "&'У1 Ввод'!C98) -> · | CP1: =TRIM('У1 Ввод'!B99&" · "&'У1 Ввод'!C99) -> · | CQ1: =TRIM('У1 Ввод'!B100&" · "&'У1 Ввод'!C100) -> · | CR1: =TRIM('У1 Ввод'!B101&" · "&'У1 Ввод'!C101) -> · | CS1: =TRIM('У1 Ввод'!B102&" · "&'У1 Ввод'!C102) -> · | CT1: =TRIM('У1 Ввод'!B103&" · "&'У1 Ввод'!C103) -> · | CU1: =TRIM('У1 Ввод'!B104&" · "&'У1 Ввод'!C104) -> · | CV1: =TRIM('У1 Ввод'!B105&" · "&'У1 Ввод'!C105) -> · | CW1: =TRIM('У1 Ввод'!B106&" · "&'У1 Ввод'!C106) -> · | CX1: =TRIM('У1 Ввод'!B107&" · "&'У1 Ввод'!C107) -> · | CY1: =TRIM('У1 Ввод'!B108&" · "&'У1 Ввод'!C108) -> · | CZ1: =TRIM('У1 Ввод'!B109&" · "&'У1 Ввод'!C109) -> · | DA1: =TRIM('У1 Ввод'!B110&" · "&'У1 Ввод'!C110) -> · | DB1: =TRIM('У1 Ввод'!B111&" · "&'У1 Ввод'!C111) -> · | DC1: =TRIM('У1 Ввод'!B112&" · "&'У1 Ввод'!C112) -> · | DD1: =TRIM('У1 Ввод'!B113&" · "&'У1 Ввод'!C113) -> · | DE1: =TRIM('У1 Ввод'!B114&" · "&'У1 Ввод'!C114) -> · | DF1: =TRIM('У1 Ввод'!B115&" · "&'У1 Ввод'!C115) -> · | DG1: =TRIM('У1 Ввод'!B116&" · "&'У1 Ввод'!C116) -> · | DH1: =TRIM('У1 Ввод'!B117&" · "&'У1 Ввод'!C117) -> · | DI1: =TRIM('У1 Ввод'!B118&" · "&'У1 Ввод'!C118) -> · | DJ1: =TRIM('У1 Ввод'!B119&" · "&'У1 Ввод'!C119) -> · | DK1: =TRIM('У1 Ввод'!B120&" · "&'У1 Ввод'!C120) -> · | DL1: =TRIM('У1 Ввод'!B121&" · "&'У1 Ввод'!C121) -> · | DM1: =TRIM('У1 Ввод'!B122&" · "&'У1 Ввод'!C122) -> · | DN1: =TRIM('У1 Ввод'!B123&" · "&'У1 Ввод'!C123) -> · | DO1: =TRIM('У1 Ввод'!B124&" · "&'У1 Ввод'!C124) -> · | DP1: =TRIM('У1 Ввод'!B125&" · "&'У1 Ввод'!C125) -> · | DQ1: =TRIM('У1 Ввод'!B126&" · "&'У1 Ввод'!C126) -> · | DR1: =TRIM('У1 Ввод'!B127&" · "&'У1 Ввод'!C127) -> · | DS1: =TRIM('У1 Ввод'!B128&" · "&'У1 Ввод'!C128) -> · | DT1: =TRIM('У1 Ввод'!B129&" · "&'У1 Ввод'!C129) -> · | DU1: =TRIM('У1 Ввод'!B130&" · "&'У1 Ввод'!C130) -> · | DV1: =TRIM('У1 Ввод'!B131&" · "&'У1 Ввод'!C131) -> · | DW1: =TRIM('У1 Ввод'!B132&" · "&'У1 Ввод'!C132) -> · | DX1: =TRIM('У1 Ввод'!B133&" · "&'У1 Ввод'!C133) -> · | DY1: =TRIM('У1 Ввод'!B134&" · "&'У1 Ввод'!C134) -> · | DZ1: =TRIM('У1 Ввод'!B135&" · "&'У1 Ввод'!C135) -> · | EA1: =TRIM('У1 Ввод'!B136&" · "&'У1 Ввод'!C136) -> · | EB1: =TRIM('У1 Ввод'!B137&" · "&'У1 Ввод'!C137) -> · | EC1: =TRIM('У1 Ввод'!B138&" · "&'У1 Ввод'!C138) -> · | ED1: =TRIM('У1 Ввод'!B139&" · "&'У1 Ввод'!C139) -> · | EE1: =TRIM('У1 Ввод'!B140&" · "&'У1 Ввод'!C140) -> · | EF1: =TRIM('У1 Ввод'!B141&" · "&'У1 Ввод'!C141) -> · | EG1: =TRIM('У1 Ввод'!B142&" · "&'У1 Ввод'!C142) -> · | EH1: =TRIM('У1 Ввод'!B143&" · "&'У1 Ввод'!C143) -> · | EI1: =TRIM('У1 Ввод'!B144&" · "&'У1 Ввод'!C144) -> · | EJ1: =TRIM('У1 Ввод'!B145&" · "&'У1 Ввод'!C145) -> · | EK1: =TRIM('У1 Ввод'!B146&" · "&'У1 Ввод'!C146) -> · | EL1: =TRIM('У1 Ввод'!B147&" · "&'У1 Ввод'!C147) -> · | EM1: =TRIM('У1 Ввод'!B148&" · "&'У1 Ввод'!C148) -> · | EN1: =TRIM('У1 Ввод'!B149&" · "&'У1 Ввод'!C149) -> · | EO1: =TRIM('У1 Ввод'!B150&" · "&'У1 Ввод'!C150) -> · | EP1: =TRIM('У1 Ввод'!B151&" · "&'У1 Ввод'!C151) -> · | EQ1: =TRIM('У1 Ввод'!B152&" · "&'У1 Ввод'!C152) -> · | ER1: =TRIM('У1 Ввод'!B153&" · "&'У1 Ввод'!C153) -> · | ES1: =TRIM('У1 Ввод'!B154&" · "&'У1 Ввод'!C154) -> · | ET1: =TRIM('У1 Ввод'!B155&" · "&'У1 Ввод'!C155) -> · | EU1: =TRIM('У1 Ввод'!B156&" · "&'У1 Ввод'!C156) -> · | EV1: =TRIM('У1 Ввод'!B157&" · "&'У1 Ввод'!C157) -> · | EW1: =TRIM('У1 Ввод'!B158&" · "&'У1 Ввод'!C158) -> · | EX1: =TRIM('У1 Ввод'!B159&" · "&'У1 Ввод'!C159) -> · | EY1: =TRIM('У1 Ввод'!B160&" · "&'У1 Ввод'!C160) -> · | EZ1: =TRIM('У1 Ввод'!B161&" · "&'У1 Ввод'!C161) -> · | FA1: =TRIM('У1 Ввод'!B162&" · "&'У1 Ввод'!C162) -> · | FB1: =TRIM('У1 Ввод'!B163&" · "&'У1 Ввод'!C163) -> · | FC1: =TRIM('У1 Ввод'!B164&" · "&'У1 Ввод'!C164) -> · | FD1: =TRIM('У1 Ввод'!B165&" · "&'У1 Ввод'!C165) -> · | FE1: =TRIM('У1 Ввод'!B166&" · "&'У1 Ввод'!C166) -> · | FF1: =TRIM('У1 Ввод'!B167&" · "&'У1 Ввод'!C167) -> · | FG1: =TRIM('У1 Ввод'!B168&" · "&'У1 Ввод'!C168) -> · | FH1: =TRIM('У1 Ввод'!B169&" · "&'У1 Ввод'!C169) -> · | FI1: =TRIM('У1 Ввод'!B170&" · "&'У1 Ввод'!C170) -> · | FJ1: =TRIM('У1 Ввод'!B171&" · "&'У1 Ввод'!C171) -> · | FK1: =TRIM('У1 Ввод'!B172&" · "&'У1 Ввод'!C172) -> · | FL1: =TRIM('У1 Ввод'!B173&" · "&'У1 Ввод'!C173) -> · | FM1: =TRIM('У1 Ввод'!B174&" · "&'У1 Ввод'!C174) -> · | FN1: =TRIM('У1 Ввод'!B175&" · "&'У1 Ввод'!C175) -> · | FO1: =TRIM('У1 Ввод'!B176&" · "&'У1 Ввод'!C176) -> · | FP1: =TRIM('У1 Ввод'!B177&" · "&'У1 Ввод'!C177) -> · | FQ1: =TRIM('У1 Ввод'!B178&" · "&'У1 Ввод'!C178) -> · | FR1: =TRIM('У1 Ввод'!B179&" · "&'У1 Ввод'!C179) -> · | FS1: =TRIM('У1 Ввод'!B180&" · "&'У1 Ввод'!C180) -> · | FT1: =TRIM('У1 Ввод'!B181&" · "&'У1 Ввод'!C181) -> · | FU1: =TRIM('У1 Ввод'!B182&" · "&'У1 Ввод'!C182) -> · | FV1: =TRIM('У1 Ввод'!B183&" · "&'У1 Ввод'!C183) -> · | FW1: =TRIM('У1 Ввод'!B184&" · "&'У1 Ввод'!C184) -> · | FX1: =TRIM('У1 Ввод'!B185&" · "&'У1 Ввод'!C185) -> · | FY1: =TRIM('У1 Ввод'!B186&" · "&'У1 Ввод'!C186) -> · | FZ1: =TRIM('У1 Ввод'!B187&" · "&'У1 Ввод'!C187) -> · | GA1: =TRIM('У1 Ввод'!B188&" · "&'У1 Ввод'!C188) -> · | GB1: =TRIM('У1 Ввод'!B189&" · "&'У1 Ввод'!C189) -> · | GC1: =TRIM('У1 Ввод'!B190&" · "&'У1 Ввод'!C190) -> · | GD1: =TRIM('У1 Ввод'!B191&" · "&'У1 Ввод'!C191) -> · | GE1: =TRIM('У1 Ввод'!B192&" · "&'У1 Ввод'!C192) -> · | GF1: =TRIM('У1 Ввод'!B193&" · "&'У1 Ввод'!C193) -> · | GG1: =TRIM('У1 Ввод'!B194&" · "&'У1 Ввод'!C194) -> · | GH1: =TRIM('У1 Ввод'!B195&" · "&'У1 Ввод'!C195) -> · | GI1: =TRIM('У1 Ввод'!B196&" · "&'У1 Ввод'!C196) -> · | GJ1: =TRIM('У1 Ввод'!B197&" · "&'У1 Ввод'!C197) -> · | GK1: =TRIM('У1 Ввод'!B198&" · "&'У1 Ввод'!C198) -> · | GL1: =TRIM('У1 Ввод'!B199&" · "&'У1 Ввод'!C199) -> · | GM1: =TRIM('У1 Ввод'!B200&" · "&'У1 Ввод'!C200) -> · | GN1: =TRIM('У1 Ввод'!B201&" · "&'У1 Ввод'!C201) -> · | GO1: =TRIM('У1 Ввод'!B202&" · "&'У1 Ввод'!C202) -> · | GP1: =TRIM('У1 Ввод'!B203&" · "&'У1 Ввод'!C203) -> · | GQ1: =TRIM('У1 Ввод'!B204&" · "&'У1 Ввод'!C204) -> · | GR1: =TRIM('У1 Ввод'!B205&" · "&'У1 Ввод'!C205) -> · | GS1: =TRIM('У1 Ввод'!B206&" · "&'У1 Ввод'!C206) -> · | GT1: =TRIM('У1 Ввод'!B207&" · "&'У1 Ввод'!C207) -> · | GU1: =TRIM('У1 Ввод'!B208&" · "&'У1 Ввод'!C208) -> · | GV1: =TRIM('У1 Ввод'!B209&" · "&'У1 Ввод'!C209) -> · | GW1: =TRIM('У1 Ввод'!B210&" · "&'У1 Ввод'!C210) -> · | GX1: =TRIM('У1 Ввод'!B211&" · "&'У1 Ввод'!C211) -> · | GY1: =TRIM('У1 Ввод'!B212&" · "&'У1 Ввод'!C212) -> · | GZ1: =TRIM('У1 Ввод'!B213&" · "&'У1 Ввод'!C213) -> · | HA1: =TRIM('У1 Ввод'!B214&" · "&'У1 Ввод'!C214) -> · | HB1: =TRIM('У1 Ввод'!B215&" · "&'У1 Ввод'!C215) -> · | HC1: =TRIM('У1 Ввод'!B216&" · "&'У1 Ввод'!C216) -> · | HD1: =TRIM('У1 Ввод'!B217&" · "&'У1 Ввод'!C217) -> · | HE1: =TRIM('У1 Ввод'!B218&" · "&'У1 Ввод'!C218) -> · | HF1: =TRIM('У1 Ввод'!B219&" · "&'У1 Ввод'!C219) -> · | HG1: =TRIM('У1 Ввод'!B220&" · "&'У1 Ввод'!C220) -> · | HH1: =TRIM('У1 Ввод'!B221&" · "&'У1 Ввод'!C221) -> · | HI1: =TRIM('У1 Ввод'!B222&" · "&'У1 Ввод'!C222) -> · | HJ1: =TRIM('У1 Ввод'!B223&" · "&'У1 Ввод'!C223) -> · | HK1: =TRIM('У1 Ввод'!B224&" · "&'У1 Ввод'!C224) -> · | HL1: =TRIM('У1 Ввод'!B225&" · "&'У1 Ввод'!C225) -> · | HM1: =TRIM('У1 Ввод'!B226&" · "&'У1 Ввод'!C226) -> · | HN1: =TRIM('У1 Ввод'!B227&" · "&'У1 Ввод'!C227) -> · | HO1: =TRIM('У1 Ввод'!B228&" · "&'У1 Ввод'!C228) -> · | HP1: =TRIM('У1 Ввод'!B229&" · "&'У1 Ввод'!C229) -> · | HQ1: =TRIM('У1 Ввод'!B230&" · "&'У1 Ввод'!C230) -> · | HR1: =TRIM('У1 Ввод'!B231&" · "&'У1 Ввод'!C231) -> · | HS1: =TRIM('У1 Ввод'!B232&" · "&'У1 Ввод'!C232) -> · | HT1: =TRIM('У1 Ввод'!B233&" · "&'У1 Ввод'!C233) -> · | HU1: =TRIM('У1 Ввод'!B234&" · "&'У1 Ввод'!C234) -> · | HV1: =TRIM('У1 Ввод'!B235&" · "&'У1 Ввод'!C235) -> · | HW1: =TRIM('У1 Ввод'!B236&" · "&'У1 Ввод'!C236) -> · | HX1: =TRIM('У1 Ввод'!B237&" · "&'У1 Ввод'!C237) -> · | HY1: =TRIM('У1 Ввод'!B238&" · "&'У1 Ввод'!C238) -> · | HZ1: =TRIM('У1 Ввод'!B239&" · "&'У1 Ввод'!C239) -> · | IA1: =TRIM('У1 Ввод'!B240&" · "&'У1 Ввод'!C240) -> · | IB1: =TRIM('У1 Ввод'!B241&" · "&'У1 Ввод'!C241) -> · | IC1: =TRIM('У1 Ввод'!B242&" · "&'У1 Ввод'!C242) -> · | ID1: =TRIM('У1 Ввод'!B243&" · "&'У1 Ввод'!C243) -> · | IE1: =TRIM('У1 Ввод'!B244&" · "&'У1 Ввод'!C244) -> · | IF1: =TRIM('У1 Ввод'!B245&" · "&'У1 Ввод'!C245) -> · | IG1: =TRIM('У1 Ввод'!B246&" · "&'У1 Ввод'!C246) -> · | IH1: =TRIM('У1 Ввод'!B247&" · "&'У1 Ввод'!C247) -> · | II1: =TRIM('У1 Ввод'!B248&" · "&'У1 Ввод'!C248) -> · | IJ1: =TRIM('У1 Ввод'!B249&" · "&'У1 Ввод'!C249) -> · | IK1: =TRIM('У1 Ввод'!B250&" · "&'У1 Ввод'!C250) -> · | IL1: =TRIM('У1 Ввод'!B251&" · "&'У1 Ввод'!C251) -> ·
A2: 1 | B2: =StartDate+0 -> 46204 | C2: =CHOOSE(WEEKDAY(B2,2),"Пн","Вт","Ср","Чт","Пт","Сб","Вс") -> Ср | D2: =IF(WEEKDAY(B2,2)>5,1,0) -> 0 | E2: =ROUND(SUM(G2:IL2),1) -> 25 | F2: =IF(OR(MONTH(B2)<>MONTH(StartDate),D2=1),"",100) -> 100 | G2: =IF(OR($D2=1,MONTH($B2)<>MONTH(StartDate),'У1 Ввод'!$D$12="",'У1 Ввод'!$E$12="",'У1 Ввод'!$D$12>$B2),0,MAX(0,MIN(1,'У1 Ввод'!$E$12-NETWORKDAYS('У1 Ввод'!$D$12,$B2)+1))/Настройки!$E$7*100) -> 25 | H2: =IF(OR($D2=1,MONTH($B2)<>MONTH(StartDate),'У1 Ввод'!$D$13="",'У1 Ввод'!$E$13="",'У1 Ввод'!$D$13>$B2),0,MAX(0,MIN(1,'У1 Ввод'!$E$13-NETWORKDAYS('У1 Ввод'!$D$13,$B2)+1))/Настройки!$E$7*100) -> 0 | I2: =IF(OR($D2=1,MONTH($B2)<>MONTH(StartDate),'У1 Ввод'!$D$14="",'У1 Ввод'!$E$14="",'У1 Ввод'!$D$14>$B2),0,MAX(0,MIN(1,'У1 Ввод'!$E$14-NETWORKDAYS('У1 Ввод'!$D$14,$B2)+1))/Настройки!$E$7*100) -> 0 | J2: =IF(OR($D2=1,MONTH($B2)<>MONTH(StartDate),'У1 Ввод'!$D$15="",'У1 Ввод'!$E$15="",'У1 Ввод'!$D$15>$B2),0,MAX(0,MIN(1,'У1 Ввод'!$E$15-NETWORKDAYS('У1 Ввод'!$D$15,$B2)+1))/Настройки!$E$7*100) -> 0 | K2: =IF(OR($D2=1,MONTH($B2)<>MONTH(StartDate),'У1 Ввод'!$D$16="",'У1 Ввод'!$E$16="",'У1 Ввод'!$D$16>$B2),0,MAX(0,MIN(1,'У1 Ввод'!$E$16-NETWORKDAYS('У1 Ввод'!$D$16,$B2)+1))/Настройки!$E$7*100) -> 0 | L2: =IF(OR($D2=1,MONTH($B2)<>MONTH(StartDate),'У1 Ввод'!$D$17="",'У1 Ввод'!$E$17="",'У1 Ввод'!$D$17>$B2),0,MAX(0,MIN(1,'У1 Ввод'!$E$17-NETWORKDAYS('У1 Ввод'!$D$17,$B2)+1))/Настройки!$E$7*100) -> 0 | M2: =IF(OR($D2=1,MONTH($B2)<>MONTH(StartDate),'У1 Ввод'!$D$18="",'У1 Ввод'!$E$18="",'У1 Ввод'!$D$18>$B2),0,MAX(0,MIN(1,'У1 Ввод'!$E$18-NETWORKDAYS('У1 Ввод'!$D$18,$B2)+1))/Настройки!$E$7*100) -> 0 | N2: =IF(OR($D2=1,MONTH($B2)<>MONTH(StartDate),'У1 Ввод'!$D$19="",'У1 Ввод'!$E$19="",'У1 Ввод'!$D$19>$B2),0,MAX(0,MIN(1,'У1 Ввод'!$E$19-NETWORKDAYS('У1 Ввод'!$D$19,$B2)+1))/Настройки!$E$7*100) -> 0 | O2: =IF(OR($D2=1,MONTH($B2)<>MONTH(StartDate),'У1 Ввод'!$D$20="",'У1 Ввод'!$E$20="",'У1 Ввод'!$D$20>$B2),0,MAX(0,MIN(1,'У1 Ввод'!$E$20-NETWORKDAYS('У1 Ввод'!$D$20,$B2)+1))/Настройки!$E$7*100) -> 0 | P2: =IF(OR($D2=1,MONTH($B2)<>MONTH(StartDate),'У1 Ввод'!$D$21="",'У1 Ввод'!$E$21="",'У1 Ввод'!$D$21>$B2),0,MAX(0,MIN(1,'У1 Ввод'!$E$21-NETWORKDAYS('У1 Ввод'!$D$21,$B2)+1))/Настройки!$E$7*100) -> 0 | Q2: =IF(OR($D2=1,MONTH($B2)<>MONTH(StartDate),'У1 Ввод'!$D$22="",'У1 Ввод'!$E$22="",'У1 Ввод'!$D$22>$B2),0,MAX(0,MIN(1,'У1 Ввод'!$E$22-NETWORKDAYS('У1 Ввод'!$D$22,$B2)+1))/Настройки!$E$7*100) -> 0 | R2: =IF(OR($D2=1,MONTH($B2)<>MONTH(StartDate),'У1 Ввод'!$D$23="",'У1 Ввод'!$E$23="",'У1 Ввод'!$D$23>$B2),0,MAX(0,MIN(1,'У1 Ввод'!$E$23-NETWORKDAYS('У1 Ввод'!$D$23,$B2)+1))/Настройки!$E$7*100) -> 0 | S2: =IF(OR($D2=1,MONTH($B2)<>MONTH(StartDate),'У1 Ввод'!$D$24="",'У1 Ввод'!$E$24="",'У1 Ввод'!$D$24>$B2),0,MAX(0,MIN(1,'У1 Ввод'!$E$24-NETWORKDAYS('У1 Ввод'!$D$24,$B2)+1))/Настройки!$E$7*100) -> 0 | T2: =IF(OR($D2=1,MONTH($B2)<>MONTH(StartDate),'У1 Ввод'!$D$25="",'У1 Ввод'!$E$25="",'У1 Ввод'!$D$25>$B2),0,MAX(0,MIN(1,'У1 Ввод'!$E$25-NETWORKDAYS('У1 Ввод'!$D$25,$B2)+1))/Настройки!$E$7*100) -> 0 | U2: =IF(OR($D2=1,MONTH($B2)<>MONTH(StartDate),'У1 Ввод'!$D$26="",'У1 Ввод'!$E$26="",'У1 Ввод'!$D$26>$B2),0,MAX(0,MIN(1,'У1 Ввод'!$E$26-NETWORKDAYS('У1 Ввод'!$D$26,$B2)+1))/Настройки!$E$7*100) -> 0 | V2: =IF(OR($D2=1,MONTH($B2)<>MONTH(StartDate),'У1 Ввод'!$D$27="",'У1 Ввод'!$E$27="",'У1 Ввод'!$D$27>$B2),0,MAX(0,MIN(1,'У1 Ввод'!$E$27-NETWORKDAYS('У1 Ввод'!$D$27,$B2)+1))/Настройки!$E$7*100) -> 0 | W2: =IF(OR($D2=1,MONTH($B2)<>MONTH(StartDate),'У1 Ввод'!$D$28="",'У1 Ввод'!$E$28="",'У1 Ввод'!$D$28>$B2),0,MAX(0,MIN(1,'У1 Ввод'!$E$28-NETWORKDAYS('У1 Ввод'!$D$28,$B2)+1))/Настройки!$E$7*100) -> 0 | X2: =IF(OR($D2=1,MONTH($B2)<>MONTH(StartDate),'У1 Ввод'!$D$29="",'У1 Ввод'!$E$29="",'У1 Ввод'!$D$29>$B2),0,MAX(0,MIN(1,'У1 Ввод'!$E$29-NETWORKDAYS('У1 Ввод'!$D$29,$B2)+1))/Настройки!$E$7*100) -> 0 | Y2: =IF(OR($D2=1,MONTH($B2)<>MONTH(StartDate),'У1 Ввод'!$D$30="",'У1 Ввод'!$E$30="",'У1 Ввод'!$D$30>$B2),0,MAX(0,MIN(1,'У1 Ввод'!$E$30-NETWORKDAYS('У1 Ввод'!$D$30,$B2)+1))/Настройки!$E$7*100) -> 0 | Z2: =IF(OR($D2=1,MONTH($B2)<>MONTH(StartDate),'У1 Ввод'!$D$31="",'У1 Ввод'!$E$31="",'У1 Ввод'!$D$31>$B2),0,MAX(0,MIN(1,'У1 Ввод'!$E$31-NETWORKDAYS('У1 Ввод'!$D$31,$B2)+1))/Настройки!$E$7*100) -> 0 | AA2: =IF(OR($D2=1,MONTH($B2)<>MONTH(StartDate),'У1 Ввод'!$D$32="",'У1 Ввод'!$E$32="",'У1 Ввод'!$D$32>$B2),0,MAX(0,MIN(1,'У1 Ввод'!$E$32-NETWORKDAYS('У1 Ввод'!$D$32,$B2)+1))/Настройки!$E$7*100) -> 0 | AB2: =IF(OR($D2=1,MONTH($B2)<>MONTH(StartDate),'У1 Ввод'!$D$33="",'У1 Ввод'!$E$33="",'У1 Ввод'!$D$33>$B2),0,MAX(0,MIN(1,'У1 Ввод'!$E$33-NETWORKDAYS('У1 Ввод'!$D$33,$B2)+1))/Настройки!$E$7*100) -> 0 | AC2: =IF(OR($D2=1,MONTH($B2)<>MONTH(StartDate),'У1 Ввод'!$D$34="",'У1 Ввод'!$E$34="",'У1 Ввод'!$D$34>$B2),0,MAX(0,MIN(1,'У1 Ввод'!$E$34-NETWORKDAYS('У1 Ввод'!$D$34,$B2)+1))/Настройки!$E$7*100) -> 0 | AD2: =IF(OR($D2=1,MONTH($B2)<>MONTH(StartDate),'У1 Ввод'!$D$35="",'У1 Ввод'!$E$35="",'У1 Ввод'!$D$35>$B2),0,MAX(0,MIN(1,'У1 Ввод'!$E$35-NETWORKDAYS('У1 Ввод'!$D$35,$B2)+1))/Настройки!$E$7*100) -> 0 | AE2: =IF(OR($D2=1,MONTH($B2)<>MONTH(StartDate),'У1 Ввод'!$D$36="",'У1 Ввод'!$E$36="",'У1 Ввод'!$D$36>$B2),0,MAX(0,MIN(1,'У1 Ввод'!$E$36-NETWORKDAYS('У1 Ввод'!$D$36,$B2)+1))/Настройки!$E$7*100) -> 0 | AF2: =IF(OR($D2=1,MONTH($B2)<>MONTH(StartDate),'У1 Ввод'!$D$37="",'У1 Ввод'!$E$37="",'У1 Ввод'!$D$37>$B2),0,MAX(0,MIN(1,'У1 Ввод'!$E$37-NETWORKDAYS('У1 Ввод'!$D$37,$B2)+1))/Настройки!$E$7*100) -> 0 | AG2: =IF(OR($D2=1,MONTH($B2)<>MONTH(StartDate),'У1 Ввод'!$D$38="",'У1 Ввод'!$E$38="",'У1 Ввод'!$D$38>$B2),0,MAX(0,MIN(1,'У1 Ввод'!$E$38-NETWORKDAYS('У1 Ввод'!$D$38,$B2)+1))/Настройки!$E$7*100) -> 0 | AH2: =IF(OR($D2=1,MONTH($B2)<>MONTH(StartDate),'У1 Ввод'!$D$39="",'У1 Ввод'!$E$39="",'У1 Ввод'!$D$39>$B2),0,MAX(0,MIN(1,'У1 Ввод'!$E$39-NETWORKDAYS('У1 Ввод'!$D$39,$B2)+1))/Настройки!$E$7*100) -> 0 | AI2: =IF(OR($D2=1,MONTH($B2)<>MONTH(StartDate),'У1 Ввод'!$D$40="",'У1 Ввод'!$E$40="",'У1 Ввод'!$D$40>$B2),0,MAX(0,MIN(1,'У1 Ввод'!$E$40-NETWORKDAYS('У1 Ввод'!$D$40,$B2)+1))/Настройки!$E$7*100) -> 0 | AJ2: =IF(OR($D2=1,MONTH($B2)<>MONTH(StartDate),'У1 Ввод'!$D$41="",'У1 Ввод'!$E$41="",'У1 Ввод'!$D$41>$B2),0,MAX(0,MIN(1,'У1 Ввод'!$E$41-NETWORKDAYS('У1 Ввод'!$D$41,$B2)+1))/Настройки!$E$7*100) -> 0 | AK2: =IF(OR($D2=1,MONTH($B2)<>MONTH(StartDate),'У1 Ввод'!$D$42="",'У1 Ввод'!$E$42="",'У1 Ввод'!$D$42>$B2),0,MAX(0,MIN(1,'У1 Ввод'!$E$42-NETWORKDAYS('У1 Ввод'!$D$42,$B2)+1))/Настройки!$E$7*100) -> 0 | AL2: =IF(OR($D2=1,MONTH($B2)<>MONTH(StartDate),'У1 Ввод'!$D$43="",'У1 Ввод'!$E$43="",'У1 Ввод'!$D$43>$B2),0,MAX(0,MIN(1,'У1 Ввод'!$E$43-NETWORKDAYS('У1 Ввод'!$D$43,$B2)+1))/Настройки!$E$7*100) -> 0 | AM2: =IF(OR($D2=1,MONTH($B2)<>MONTH(StartDate),'У1 Ввод'!$D$44="",'У1 Ввод'!$E$44="",'У1 Ввод'!$D$44>$B2),0,MAX(0,MIN(1,'У1 Ввод'!$E$44-NETWORKDAYS('У1 Ввод'!$D$44,$B2)+1))/Настройки!$E$7*100) -> 0 | AN2: =IF(OR($D2=1,MONTH($B2)<>MONTH(StartDate),'У1 Ввод'!$D$45="",'У1 Ввод'!$E$45="",'У1 Ввод'!$D$45>$B2),0,MAX(0,MIN(1,'У1 Ввод'!$E$45-NETWORKDAYS('У1 Ввод'!$D$45,$B2)+1))/Настройки!$E$7*100) -> 0 | AO2: =IF(OR($D2=1,MONTH($B2)<>MONTH(StartDate),'У1 Ввод'!$D$46="",'У1 Ввод'!$E$46="",'У1 Ввод'!$D$46>$B2),0,MAX(0,MIN(1,'У1 Ввод'!$E$46-NETWORKDAYS('У1 Ввод'!$D$46,$B2)+1))/Настройки!$E$7*100) -> 0 | AP2: =IF(OR($D2=1,MONTH($B2)<>MONTH(StartDate),'У1 Ввод'!$D$47="",'У1 Ввод'!$E$47="",'У1 Ввод'!$D$47>$B2),0,MAX(0,MIN(1,'У1 Ввод'!$E$47-NETWORKDAYS('У1 Ввод'!$D$47,$B2)+1))/Настройки!$E$7*100) -> 0 | AQ2: =IF(OR($D2=1,MONTH($B2)<>MONTH(StartDate),'У1 Ввод'!$D$48="",'У1 Ввод'!$E$48="",'У1 Ввод'!$D$48>$B2),0,MAX(0,MIN(1,'У1 Ввод'!$E$48-NETWORKDAYS('У1 Ввод'!$D$48,$B2)+1))/Настройки!$E$7*100) -> 0 | AR2: =IF(OR($D2=1,MONTH($B2)<>MONTH(StartDate),'У1 Ввод'!$D$49="",'У1 Ввод'!$E$49="",'У1 Ввод'!$D$49>$B2),0,MAX(0,MIN(1,'У1 Ввод'!$E$49-NETWORKDAYS('У1 Ввод'!$D$49,$B2)+1))/Настройки!$E$7*100) -> 0 | AS2: =IF(OR($D2=1,MONTH($B2)<>MONTH(StartDate),'У1 Ввод'!$D$50="",'У1 Ввод'!$E$50="",'У1 Ввод'!$D$50>$B2),0,MAX(0,MIN(1,'У1 Ввод'!$E$50-NETWORKDAYS('У1 Ввод'!$D$50,$B2)+1))/Настройки!$E$7*100) -> 0 | AT2: =IF(OR($D2=1,MONTH($B2)<>MONTH(StartDate),'У1 Ввод'!$D$51="",'У1 Ввод'!$E$51="",'У1 Ввод'!$D$51>$B2),0,MAX(0,MIN(1,'У1 Ввод'!$E$51-NETWORKDAYS('У1 Ввод'!$D$51,$B2)+1))/Настройки!$E$7*100) -> 0 | AU2: =IF(OR($D2=1,MONTH($B2)<>MONTH(StartDate),'У1 Ввод'!$D$52="",'У1 Ввод'!$E$52="",'У1 Ввод'!$D$52>$B2),0,MAX(0,MIN(1,'У1 Ввод'!$E$52-NETWORKDAYS('У1 Ввод'!$D$52,$B2)+1))/Настройки!$E$7*100) -> 0 | AV2: =IF(OR($D2=1,MONTH($B2)<>MONTH(StartDate),'У1 Ввод'!$D$53="",'У1 Ввод'!$E$53="",'У1 Ввод'!$D$53>$B2),0,MAX(0,MIN(1,'У1 Ввод'!$E$53-NETWORKDAYS('У1 Ввод'!$D$53,$B2)+1))/Настройки!$E$7*100) -> 0 | AW2: =IF(OR($D2=1,MONTH($B2)<>MONTH(StartDate),'У1 Ввод'!$D$54="",'У1 Ввод'!$E$54="",'У1 Ввод'!$D$54>$B2),0,MAX(0,MIN(1,'У1 Ввод'!$E$54-NETWORKDAYS('У1 Ввод'!$D$54,$B2)+1))/Настройки!$E$7*100) -> 0 | AX2: =IF(OR($D2=1,MONTH($B2)<>MONTH(StartDate),'У1 Ввод'!$D$55="",'У1 Ввод'!$E$55="",'У1 Ввод'!$D$55>$B2),0,MAX(0,MIN(1,'У1 Ввод'!$E$55-NETWORKDAYS('У1 Ввод'!$D$55,$B2)+1))/Настройки!$E$7*100) -> 0 | AY2: =IF(OR($D2=1,MONTH($B2)<>MONTH(StartDate),'У1 Ввод'!$D$56="",'У1 Ввод'!$E$56="",'У1 Ввод'!$D$56>$B2),0,MAX(0,MIN(1,'У1 Ввод'!$E$56-NETWORKDAYS('У1 Ввод'!$D$56,$B2)+1))/Настройки!$E$7*100) -> 0 | AZ2: =IF(OR($D2=1,MONTH($B2)<>MONTH(StartDate),'У1 Ввод'!$D$57="",'У1 Ввод'!$E$57="",'У1 Ввод'!$D$57>$B2),0,MAX(0,MIN(1,'У1 Ввод'!$E$57-NETWORKDAYS('У1 Ввод'!$D$57,$B2)+1))/Настройки!$E$7*100) -> 0 | BA2: =IF(OR($D2=1,MONTH($B2)<>MONTH(StartDate),'У1 Ввод'!$D$58="",'У1 Ввод'!$E$58="",'У1 Ввод'!$D$58>$B2),0,MAX(0,MIN(1,'У1 Ввод'!$E$58-NETWORKDAYS('У1 Ввод'!$D$58,$B2)+1))/Настройки!$E$7*100) -> 0 | BB2: =IF(OR($D2=1,MONTH($B2)<>MONTH(StartDate),'У1 Ввод'!$D$59="",'У1 Ввод'!$E$59="",'У1 Ввод'!$D$59>$B2),0,MAX(0,MIN(1,'У1 Ввод'!$E$59-NETWORKDAYS('У1 Ввод'!$D$59,$B2)+1))/Настройки!$E$7*100) -> 0 | BC2: =IF(OR($D2=1,MONTH($B2)<>MONTH(StartDate),'У1 Ввод'!$D$60="",'У1 Ввод'!$E$60="",'У1 Ввод'!$D$60>$B2),0,MAX(0,MIN(1,'У1 Ввод'!$E$60-NETWORKDAYS('У1 Ввод'!$D$60,$B2)+1))/Настройки!$E$7*100) -> 0 | BD2: =IF(OR($D2=1,MONTH($B2)<>MONTH(StartDate),'У1 Ввод'!$D$61="",'У1 Ввод'!$E$61="",'У1 Ввод'!$D$61>$B2),0,MAX(0,MIN(1,'У1 Ввод'!$E$61-NETWORKDAYS('У1 Ввод'!$D$61,$B2)+1))/Настройки!$E$7*100) -> 0 | BE2: =IF(OR($D2=1,MONTH($B2)<>MONTH(StartDate),'У1 Ввод'!$D$62="",'У1 Ввод'!$E$62="",'У1 Ввод'!$D$62>$B2),0,MAX(0,MIN(1,'У1 Ввод'!$E$62-NETWORKDAYS('У1 Ввод'!$D$62,$B2)+1))/Настройки!$E$7*100) -> 0 | BF2: =IF(OR($D2=1,MONTH($B2)<>MONTH(StartDate),'У1 Ввод'!$D$63="",'У1 Ввод'!$E$63="",'У1 Ввод'!$D$63>$B2),0,MAX(0,MIN(1,'У1 Ввод'!$E$63-NETWORKDAYS('У1 Ввод'!$D$63,$B2)+1))/Настройки!$E$7*100) -> 0 | BG2: =IF(OR($D2=1,MONTH($B2)<>MONTH(StartDate),'У1 Ввод'!$D$64="",'У1 Ввод'!$E$64="",'У1 Ввод'!$D$64>$B2),0,MAX(0,MIN(1,'У1 Ввод'!$E$64-NETWORKDAYS('У1 Ввод'!$D$64,$B2)+1))/Настройки!$E$7*100) -> 0 | BH2: =IF(OR($D2=1,MONTH($B2)<>MONTH(StartDate),'У1 Ввод'!$D$65="",'У1 Ввод'!$E$65="",'У1 Ввод'!$D$65>$B2),0,MAX(0,MIN(1,'У1 Ввод'!$E$65-NETWORKDAYS('У1 Ввод'!$D$65,$B2)+1))/Настройки!$E$7*100) -> 0 | BI2: =IF(OR($D2=1,MONTH($B2)<>MONTH(StartDate),'У1 Ввод'!$D$66="",'У1 Ввод'!$E$66="",'У1 Ввод'!$D$66>$B2),0,MAX(0,MIN(1,'У1 Ввод'!$E$66-NETWORKDAYS('У1 Ввод'!$D$66,$B2)+1))/Настройки!$E$7*100) -> 0 | BJ2: =IF(OR($D2=1,MONTH($B2)<>MONTH(StartDate),'У1 Ввод'!$D$67="",'У1 Ввод'!$E$67="",'У1 Ввод'!$D$67>$B2),0,MAX(0,MIN(1,'У1 Ввод'!$E$67-NETWORKDAYS('У1 Ввод'!$D$67,$B2)+1))/Настройки!$E$7*100) -> 0 | BK2: =IF(OR($D2=1,MONTH($B2)<>MONTH(StartDate),'У1 Ввод'!$D$68="",'У1 Ввод'!$E$68="",'У1 Ввод'!$D$68>$B2),0,MAX(0,MIN(1,'У1 Ввод'!$E$68-NETWORKDAYS('У1 Ввод'!$D$68,$B2)+1))/Настройки!$E$7*100) -> 0 | BL2: =IF(OR($D2=1,MONTH($B2)<>MONTH(StartDate),'У1 Ввод'!$D$69="",'У1 Ввод'!$E$69="",'У1 Ввод'!$D$69>$B2),0,MAX(0,MIN(1,'У1 Ввод'!$E$69-NETWORKDAYS('У1 Ввод'!$D$69,$B2)+1))/Настройки!$E$7*100) -> 0 | BM2: =IF(OR($D2=1,MONTH($B2)<>MONTH(StartDate),'У1 Ввод'!$D$70="",'У1 Ввод'!$E$70="",'У1 Ввод'!$D$70>$B2),0,MAX(0,MIN(1,'У1 Ввод'!$E$70-NETWORKDAYS('У1 Ввод'!$D$70,$B2)+1))/Настройки!$E$7*100) -> 0 | BN2: =IF(OR($D2=1,MONTH($B2)<>MONTH(StartDate),'У1 Ввод'!$D$71="",'У1 Ввод'!$E$71="",'У1 Ввод'!$D$71>$B2),0,MAX(0,MIN(1,'У1 Ввод'!$E$71-NETWORKDAYS('У1 Ввод'!$D$71,$B2)+1))/Настройки!$E$7*100) -> 0 | BO2: =IF(OR($D2=1,MONTH($B2)<>MONTH(StartDate),'У1 Ввод'!$D$72="",'У1 Ввод'!$E$72="",'У1 Ввод'!$D$72>$B2),0,MAX(0,MIN(1,'У1 Ввод'!$E$72-NETWORKDAYS('У1 Ввод'!$D$72,$B2)+1))/Настройки!$E$7*100) -> 0 | BP2: =IF(OR($D2=1,MONTH($B2)<>MONTH(StartDate),'У1 Ввод'!$D$73="",'У1 Ввод'!$E$73="",'У1 Ввод'!$D$73>$B2),0,MAX(0,MIN(1,'У1 Ввод'!$E$73-NETWORKDAYS('У1 Ввод'!$D$73,$B2)+1))/Настройки!$E$7*100) -> 0 | BQ2: =IF(OR($D2=1,MONTH($B2)<>MONTH(StartDate),'У1 Ввод'!$D$74="",'У1 Ввод'!$E$74="",'У1 Ввод'!$D$74>$B2),0,MAX(0,MIN(1,'У1 Ввод'!$E$74-NETWORKDAYS('У1 Ввод'!$D$74,$B2)+1))/Настройки!$E$7*100) -> 0 | BR2: =IF(OR($D2=1,MONTH($B2)<>MONTH(StartDate),'У1 Ввод'!$D$75="",'У1 Ввод'!$E$75="",'У1 Ввод'!$D$75>$B2),0,MAX(0,MIN(1,'У1 Ввод'!$E$75-NETWORKDAYS('У1 Ввод'!$D$75,$B2)+1))/Настройки!$E$7*100) -> 0 | BS2: =IF(OR($D2=1,MONTH($B2)<>MONTH(StartDate),'У1 Ввод'!$D$76="",'У1 Ввод'!$E$76="",'У1 Ввод'!$D$76>$B2),0,MAX(0,MIN(1,'У1 Ввод'!$E$76-NETWORKDAYS('У1 Ввод'!$D$76,$B2)+1))/Настройки!$E$7*100) -> 0 | BT2: =IF(OR($D2=1,MONTH($B2)<>MONTH(StartDate),'У1 Ввод'!$D$77="",'У1 Ввод'!$E$77="",'У1 Ввод'!$D$77>$B2),0,MAX(0,MIN(1,'У1 Ввод'!$E$77-NETWORKDAYS('У1 Ввод'!$D$77,$B2)+1))/Настройки!$E$7*100) -> 0 | BU2: =IF(OR($D2=1,MONTH($B2)<>MONTH(StartDate),'У1 Ввод'!$D$78="",'У1 Ввод'!$E$78="",'У1 Ввод'!$D$78>$B2),0,MAX(0,MIN(1,'У1 Ввод'!$E$78-NETWORKDAYS('У1 Ввод'!$D$78,$B2)+1))/Настройки!$E$7*100) -> 0 | BV2: =IF(OR($D2=1,MONTH($B2)<>MONTH(StartDate),'У1 Ввод'!$D$79="",'У1 Ввод'!$E$79="",'У1 Ввод'!$D$79>$B2),0,MAX(0,MIN(1,'У1 Ввод'!$E$79-NETWORKDAYS('У1 Ввод'!$D$79,$B2)+1))/Настройки!$E$7*100) -> 0 | BW2: =IF(OR($D2=1,MONTH($B2)<>MONTH(StartDate),'У1 Ввод'!$D$80="",'У1 Ввод'!$E$80="",'У1 Ввод'!$D$80>$B2),0,MAX(0,MIN(1,'У1 Ввод'!$E$80-NETWORKDAYS('У1 Ввод'!$D$80,$B2)+1))/Настройки!$E$7*100) -> 0 | BX2: =IF(OR($D2=1,MONTH($B2)<>MONTH(StartDate),'У1 Ввод'!$D$81="",'У1 Ввод'!$E$81="",'У1 Ввод'!$D$81>$B2),0,MAX(0,MIN(1,'У1 Ввод'!$E$81-NETWORKDAYS('У1 Ввод'!$D$81,$B2)+1))/Настройки!$E$7*100) -> 0 | BY2: =IF(OR($D2=1,MONTH($B2)<>MONTH(StartDate),'У1 Ввод'!$D$82="",'У1 Ввод'!$E$82="",'У1 Ввод'!$D$82>$B2),0,MAX(0,MIN(1,'У1 Ввод'!$E$82-NETWORKDAYS('У1 Ввод'!$D$82,$B2)+1))/Настройки!$E$7*100) -> 0 | BZ2: =IF(OR($D2=1,MONTH($B2)<>MONTH(StartDate),'У1 Ввод'!$D$83="",'У1 Ввод'!$E$83="",'У1 Ввод'!$D$83>$B2),0,MAX(0,MIN(1,'У1 Ввод'!$E$83-NETWORKDAYS('У1 Ввод'!$D$83,$B2)+1))/Настройки!$E$7*100) -> 0 | CA2: =IF(OR($D2=1,MONTH($B2)<>MONTH(StartDate),'У1 Ввод'!$D$84="",'У1 Ввод'!$E$84="",'У1 Ввод'!$D$84>$B2),0,MAX(0,MIN(1,'У1 Ввод'!$E$84-NETWORKDAYS('У1 Ввод'!$D$84,$B2)+1))/Настройки!$E$7*100) -> 0 | CB2: =IF(OR($D2=1,MONTH($B2)<>MONTH(StartDate),'У1 Ввод'!$D$85="",'У1 Ввод'!$E$85="",'У1 Ввод'!$D$85>$B2),0,MAX(0,MIN(1,'У1 Ввод'!$E$85-NETWORKDAYS('У1 Ввод'!$D$85,$B2)+1))/Настройки!$E$7*100) -> 0 | CC2: =IF(OR($D2=1,MONTH($B2)<>MONTH(StartDate),'У1 Ввод'!$D$86="",'У1 Ввод'!$E$86="",'У1 Ввод'!$D$86>$B2),0,MAX(0,MIN(1,'У1 Ввод'!$E$86-NETWORKDAYS('У1 Ввод'!$D$86,$B2)+1))/Настройки!$E$7*100) -> 0 | CD2: =IF(OR($D2=1,MONTH($B2)<>MONTH(StartDate),'У1 Ввод'!$D$87="",'У1 Ввод'!$E$87="",'У1 Ввод'!$D$87>$B2),0,MAX(0,MIN(1,'У1 Ввод'!$E$87-NETWORKDAYS('У1 Ввод'!$D$87,$B2)+1))/Настройки!$E$7*100) -> 0 | CE2: =IF(OR($D2=1,MONTH($B2)<>MONTH(StartDate),'У1 Ввод'!$D$88="",'У1 Ввод'!$E$88="",'У1 Ввод'!$D$88>$B2),0,MAX(0,MIN(1,'У1 Ввод'!$E$88-NETWORKDAYS('У1 Ввод'!$D$88,$B2)+1))/Настройки!$E$7*100) -> 0 | CF2: =IF(OR($D2=1,MONTH($B2)<>MONTH(StartDate),'У1 Ввод'!$D$89="",'У1 Ввод'!$E$89="",'У1 Ввод'!$D$89>$B2),0,MAX(0,MIN(1,'У1 Ввод'!$E$89-NETWORKDAYS('У1 Ввод'!$D$89,$B2)+1))/Настройки!$E$7*100) -> 0 | CG2: =IF(OR($D2=1,MONTH($B2)<>MONTH(StartDate),'У1 Ввод'!$D$90="",'У1 Ввод'!$E$90="",'У1 Ввод'!$D$90>$B2),0,MAX(0,MIN(1,'У1 Ввод'!$E$90-NETWORKDAYS('У1 Ввод'!$D$90,$B2)+1))/Настройки!$E$7*100) -> 0 | CH2: =IF(OR($D2=1,MONTH($B2)<>MONTH(StartDate),'У1 Ввод'!$D$91="",'У1 Ввод'!$E$91="",'У1 Ввод'!$D$91>$B2),0,MAX(0,MIN(1,'У1 Ввод'!$E$91-NETWORKDAYS('У1 Ввод'!$D$91,$B2)+1))/Настройки!$E$7*100) -> 0 | CI2: =IF(OR($D2=1,MONTH($B2)<>MONTH(StartDate),'У1 Ввод'!$D$92="",'У1 Ввод'!$E$92="",'У1 Ввод'!$D$92>$B2),0,MAX(0,MIN(1,'У1 Ввод'!$E$92-NETWORKDAYS('У1 Ввод'!$D$92,$B2)+1))/Настройки!$E$7*100) -> 0 | CJ2: =IF(OR($D2=1,MONTH($B2)<>MONTH(StartDate),'У1 Ввод'!$D$93="",'У1 Ввод'!$E$93="",'У1 Ввод'!$D$93>$B2),0,MAX(0,MIN(1,'У1 Ввод'!$E$93-NETWORKDAYS('У1 Ввод'!$D$93,$B2)+1))/Настройки!$E$7*100) -> 0 | CK2: =IF(OR($D2=1,MONTH($B2)<>MONTH(StartDate),'У1 Ввод'!$D$94="",'У1 Ввод'!$E$94="",'У1 Ввод'!$D$94>$B2),0,MAX(0,MIN(1,'У1 Ввод'!$E$94-NETWORKDAYS('У1 Ввод'!$D$94,$B2)+1))/Настройки!$E$7*100) -> 0 | CL2: =IF(OR($D2=1,MONTH($B2)<>MONTH(StartDate),'У1 Ввод'!$D$95="",'У1 Ввод'!$E$95="",'У1 Ввод'!$D$95>$B2),0,MAX(0,MIN(1,'У1 Ввод'!$E$95-NETWORKDAYS('У1 Ввод'!$D$95,$B2)+1))/Настройки!$E$7*100) -> 0 | CM2: =IF(OR($D2=1,MONTH($B2)<>MONTH(StartDate),'У1 Ввод'!$D$96="",'У1 Ввод'!$E$96="",'У1 Ввод'!$D$96>$B2),0,MAX(0,MIN(1,'У1 Ввод'!$E$96-NETWORKDAYS('У1 Ввод'!$D$96,$B2)+1))/Настройки!$E$7*100) -> 0 | CN2: =IF(OR($D2=1,MONTH($B2)<>MONTH(StartDate),'У1 Ввод'!$D$97="",'У1 Ввод'!$E$97="",'У1 Ввод'!$D$97>$B2),0,MAX(0,MIN(1,'У1 Ввод'!$E$97-NETWORKDAYS('У1 Ввод'!$D$97,$B2)+1))/Настройки!$E$7*100) -> 0 | CO2: =IF(OR($D2=1,MONTH($B2)<>MONTH(StartDate),'У1 Ввод'!$D$98="",'У1 Ввод'!$E$98="",'У1 Ввод'!$D$98>$B2),0,MAX(0,MIN(1,'У1 Ввод'!$E$98-NETWORKDAYS('У1 Ввод'!$D$98,$B2)+1))/Настройки!$E$7*100) -> 0 | CP2: =IF(OR($D2=1,MONTH($B2)<>MONTH(StartDate),'У1 Ввод'!$D$99="",'У1 Ввод'!$E$99="",'У1 Ввод'!$D$99>$B2),0,MAX(0,MIN(1,'У1 Ввод'!$E$99-NETWORKDAYS('У1 Ввод'!$D$99,$B2)+1))/Настройки!$E$7*100) -> 0 | CQ2: =IF(OR($D2=1,MONTH($B2)<>MONTH(StartDate),'У1 Ввод'!$D$100="",'У1 Ввод'!$E$100="",'У1 Ввод'!$D$100>$B2),0,MAX(0,MIN(1,'У1 Ввод'!$E$100-NETWORKDAYS('У1 Ввод'!$D$100,$B2)+1))/Настройки!$E$7*100) -> 0 | CR2: =IF(OR($D2=1,MONTH($B2)<>MONTH(StartDate),'У1 Ввод'!$D$101="",'У1 Ввод'!$E$101="",'У1 Ввод'!$D$101>$B2),0,MAX(0,MIN(1,'У1 Ввод'!$E$101-NETWORKDAYS('У1 Ввод'!$D$101,$B2)+1))/Настройки!$E$7*100) -> 0 | CS2: =IF(OR($D2=1,MONTH($B2)<>MONTH(StartDate),'У1 Ввод'!$D$102="",'У1 Ввод'!$E$102="",'У1 Ввод'!$D$102>$B2),0,MAX(0,MIN(1,'У1 Ввод'!$E$102-NETWORKDAYS('У1 Ввод'!$D$102,$B2)+1))/Настройки!$E$7*100) -> 0 | CT2: =IF(OR($D2=1,MONTH($B2)<>MONTH(StartDate),'У1 Ввод'!$D$103="",'У1 Ввод'!$E$103="",'У1 Ввод'!$D$103>$B2),0,MAX(0,MIN(1,'У1 Ввод'!$E$103-NETWORKDAYS('У1 Ввод'!$D$103,$B2)+1))/Настройки!$E$7*100) -> 0 | CU2: =IF(OR($D2=1,MONTH($B2)<>MONTH(StartDate),'У1 Ввод'!$D$104="",'У1 Ввод'!$E$104="",'У1 Ввод'!$D$104>$B2),0,MAX(0,MIN(1,'У1 Ввод'!$E$104-NETWORKDAYS('У1 Ввод'!$D$104,$B2)+1))/Настройки!$E$7*100) -> 0 | CV2: =IF(OR($D2=1,MONTH($B2)<>MONTH(StartDate),'У1 Ввод'!$D$105="",'У1 Ввод'!$E$105="",'У1 Ввод'!$D$105>$B2),0,MAX(0,MIN(1,'У1 Ввод'!$E$105-NETWORKDAYS('У1 Ввод'!$D$105,$B2)+1))/Настройки!$E$7*100) -> 0 | CW2: =IF(OR($D2=1,MONTH($B2)<>MONTH(StartDate),'У1 Ввод'!$D$106="",'У1 Ввод'!$E$106="",'У1 Ввод'!$D$106>$B2),0,MAX(0,MIN(1,'У1 Ввод'!$E$106-NETWORKDAYS('У1 Ввод'!$D$106,$B2)+1))/Настройки!$E$7*100) -> 0 | CX2: =IF(OR($D2=1,MONTH($B2)<>MONTH(StartDate),'У1 Ввод'!$D$107="",'У1 Ввод'!$E$107="",'У1 Ввод'!$D$107>$B2),0,MAX(0,MIN(1,'У1 Ввод'!$E$107-NETWORKDAYS('У1 Ввод'!$D$107,$B2)+1))/Настройки!$E$7*100) -> 0 | CY2: =IF(OR($D2=1,MONTH($B2)<>MONTH(StartDate),'У1 Ввод'!$D$108="",'У1 Ввод'!$E$108="",'У1 Ввод'!$D$108>$B2),0,MAX(0,MIN(1,'У1 Ввод'!$E$108-NETWORKDAYS('У1 Ввод'!$D$108,$B2)+1))/Настройки!$E$7*100) -> 0 | CZ2: =IF(OR($D2=1,MONTH($B2)<>MONTH(StartDate),'У1 Ввод'!$D$109="",'У1 Ввод'!$E$109="",'У1 Ввод'!$D$109>$B2),0,MAX(0,MIN(1,'У1 Ввод'!$E$109-NETWORKDAYS('У1 Ввод'!$D$109,$B2)+1))/Настройки!$E$7*100) -> 0 | DA2: =IF(OR($D2=1,MONTH($B2)<>MONTH(StartDate),'У1 Ввод'!$D$110="",'У1 Ввод'!$E$110="",'У1 Ввод'!$D$110>$B2),0,MAX(0,MIN(1,'У1 Ввод'!$E$110-NETWORKDAYS('У1 Ввод'!$D$110,$B2)+1))/Настройки!$E$7*100) -> 0 | DB2: =IF(OR($D2=1,MONTH($B2)<>MONTH(StartDate),'У1 Ввод'!$D$111="",'У1 Ввод'!$E$111="",'У1 Ввод'!$D$111>$B2),0,MAX(0,MIN(1,'У1 Ввод'!$E$111-NETWORKDAYS('У1 Ввод'!$D$111,$B2)+1))/Настройки!$E$7*100) -> 0 | DC2: =IF(OR($D2=1,MONTH($B2)<>MONTH(StartDate),'У1 Ввод'!$D$112="",'У1 Ввод'!$E$112="",'У1 Ввод'!$D$112>$B2),0,MAX(0,MIN(1,'У1 Ввод'!$E$112-NETWORKDAYS('У1 Ввод'!$D$112,$B2)+1))/Настройки!$E$7*100) -> 0 | DD2: =IF(OR($D2=1,MONTH($B2)<>MONTH(StartDate),'У1 Ввод'!$D$113="",'У1 Ввод'!$E$113="",'У1 Ввод'!$D$113>$B2),0,MAX(0,MIN(1,'У1 Ввод'!$E$113-NETWORKDAYS('У1 Ввод'!$D$113,$B2)+1))/Настройки!$E$7*100) -> 0 | DE2: =IF(OR($D2=1,MONTH($B2)<>MONTH(StartDate),'У1 Ввод'!$D$114="",'У1 Ввод'!$E$114="",'У1 Ввод'!$D$114>$B2),0,MAX(0,MIN(1,'У1 Ввод'!$E$114-NETWORKDAYS('У1 Ввод'!$D$114,$B2)+1))/Настройки!$E$7*100) -> 0 | DF2: =IF(OR($D2=1,MONTH($B2)<>MONTH(StartDate),'У1 Ввод'!$D$115="",'У1 Ввод'!$E$115="",'У1 Ввод'!$D$115>$B2),0,MAX(0,MIN(1,'У1 Ввод'!$E$115-NETWORKDAYS('У1 Ввод'!$D$115,$B2)+1))/Настройки!$E$7*100) -> 0 | DG2: =IF(OR($D2=1,MONTH($B2)<>MONTH(StartDate),'У1 Ввод'!$D$116="",'У1 Ввод'!$E$116="",'У1 Ввод'!$D$116>$B2),0,MAX(0,MIN(1,'У1 Ввод'!$E$116-NETWORKDAYS('У1 Ввод'!$D$116,$B2)+1))/Настройки!$E$7*100) -> 0 | DH2: =IF(OR($D2=1,MONTH($B2)<>MONTH(StartDate),'У1 Ввод'!$D$117="",'У1 Ввод'!$E$117="",'У1 Ввод'!$D$117>$B2),0,MAX(0,MIN(1,'У1 Ввод'!$E$117-NETWORKDAYS('У1 Ввод'!$D$117,$B2)+1))/Настройки!$E$7*100) -> 0 | DI2: =IF(OR($D2=1,MONTH($B2)<>MONTH(StartDate),'У1 Ввод'!$D$118="",'У1 Ввод'!$E$118="",'У1 Ввод'!$D$118>$B2),0,MAX(0,MIN(1,'У1 Ввод'!$E$118-NETWORKDAYS('У1 Ввод'!$D$118,$B2)+1))/Настройки!$E$7*100) -> 0 | DJ2: =IF(OR($D2=1,MONTH($B2)<>MONTH(StartDate),'У1 Ввод'!$D$119="",'У1 Ввод'!$E$119="",'У1 Ввод'!$D$119>$B2),0,MAX(0,MIN(1,'У1 Ввод'!$E$119-NETWORKDAYS('У1 Ввод'!$D$119,$B2)+1))/Настройки!$E$7*100) -> 0 | DK2: =IF(OR($D2=1,MONTH($B2)<>MONTH(StartDate),'У1 Ввод'!$D$120="",'У1 Ввод'!$E$120="",'У1 Ввод'!$D$120>$B2),0,MAX(0,MIN(1,'У1 Ввод'!$E$120-NETWORKDAYS('У1 Ввод'!$D$120,$B2)+1))/Настройки!$E$7*100) -> 0 | DL2: =IF(OR($D2=1,MONTH($B2)<>MONTH(StartDate),'У1 Ввод'!$D$121="",'У1 Ввод'!$E$121="",'У1 Ввод'!$D$121>$B2),0,MAX(0,MIN(1,'У1 Ввод'!$E$121-NETWORKDAYS('У1 Ввод'!$D$121,$B2)+1))/Настройки!$E$7*100) -> 0 | DM2: =IF(OR($D2=1,MONTH($B2)<>MONTH(StartDate),'У1 Ввод'!$D$122="",'У1 Ввод'!$E$122="",'У1 Ввод'!$D$122>$B2),0,MAX(0,MIN(1,'У1 Ввод'!$E$122-NETWORKDAYS('У1 Ввод'!$D$122,$B2)+1))/Настройки!$E$7*100) -> 0 | DN2: =IF(OR($D2=1,MONTH($B2)<>MONTH(StartDate),'У1 Ввод'!$D$123="",'У1 Ввод'!$E$123="",'У1 Ввод'!$D$123>$B2),0,MAX(0,MIN(1,'У1 Ввод'!$E$123-NETWORKDAYS('У1 Ввод'!$D$123,$B2)+1))/Настройки!$E$7*100) -> 0 | DO2: =IF(OR($D2=1,MONTH($B2)<>MONTH(StartDate),'У1 Ввод'!$D$124="",'У1 Ввод'!$E$124="",'У1 Ввод'!$D$124>$B2),0,MAX(0,MIN(1,'У1 Ввод'!$E$124-NETWORKDAYS('У1 Ввод'!$D$124,$B2)+1))/Настройки!$E$7*100) -> 0 | DP2: =IF(OR($D2=1,MONTH($B2)<>MONTH(StartDate),'У1 Ввод'!$D$125="",'У1 Ввод'!$E$125="",'У1 Ввод'!$D$125>$B2),0,MAX(0,MIN(1,'У1 Ввод'!$E$125-NETWORKDAYS('У1 Ввод'!$D$125,$B2)+1))/Настройки!$E$7*100) -> 0 | DQ2: =IF(OR($D2=1,MONTH($B2)<>MONTH(StartDate),'У1 Ввод'!$D$126="",'У1 Ввод'!$E$126="",'У1 Ввод'!$D$126>$B2),0,MAX(0,MIN(1,'У1 Ввод'!$E$126-NETWORKDAYS('У1 Ввод'!$D$126,$B2)+1))/Настройки!$E$7*100) -> 0 | DR2: =IF(OR($D2=1,MONTH($B2)<>MONTH(StartDate),'У1 Ввод'!$D$127="",'У1 Ввод'!$E$127="",'У1 Ввод'!$D$127>$B2),0,MAX(0,MIN(1,'У1 Ввод'!$E$127-NETWORKDAYS('У1 Ввод'!$D$127,$B2)+1))/Настройки!$E$7*100) -> 0 | DS2: =IF(OR($D2=1,MONTH($B2)<>MONTH(StartDate),'У1 Ввод'!$D$128="",'У1 Ввод'!$E$128="",'У1 Ввод'!$D$128>$B2),0,MAX(0,MIN(1,'У1 Ввод'!$E$128-NETWORKDAYS('У1 Ввод'!$D$128,$B2)+1))/Настройки!$E$7*100) -> 0 | DT2: =IF(OR($D2=1,MONTH($B2)<>MONTH(StartDate),'У1 Ввод'!$D$129="",'У1 Ввод'!$E$129="",'У1 Ввод'!$D$129>$B2),0,MAX(0,MIN(1,'У1 Ввод'!$E$129-NETWORKDAYS('У1 Ввод'!$D$129,$B2)+1))/Настройки!$E$7*100) -> 0 | DU2: =IF(OR($D2=1,MONTH($B2)<>MONTH(StartDate),'У1 Ввод'!$D$130="",'У1 Ввод'!$E$130="",'У1 Ввод'!$D$130>$B2),0,MAX(0,MIN(1,'У1 Ввод'!$E$130-NETWORKDAYS('У1 Ввод'!$D$130,$B2)+1))/Настройки!$E$7*100) -> 0 | DV2: =IF(OR($D2=1,MONTH($B2)<>MONTH(StartDate),'У1 Ввод'!$D$131="",'У1 Ввод'!$E$131="",'У1 Ввод'!$D$131>$B2),0,MAX(0,MIN(1,'У1 Ввод'!$E$131-NETWORKDAYS('У1 Ввод'!$D$131,$B2)+1))/Настройки!$E$7*100) -> 0 | DW2: =IF(OR($D2=1,MONTH($B2)<>MONTH(StartDate),'У1 Ввод'!$D$132="",'У1 Ввод'!$E$132="",'У1 Ввод'!$D$132>$B2),0,MAX(0,MIN(1,'У1 Ввод'!$E$132-NETWORKDAYS('У1 Ввод'!$D$132,$B2)+1))/Настройки!$E$7*100) -> 0 | DX2: =IF(OR($D2=1,MONTH($B2)<>MONTH(StartDate),'У1 Ввод'!$D$133="",'У1 Ввод'!$E$133="",'У1 Ввод'!$D$133>$B2),0,MAX(0,MIN(1,'У1 Ввод'!$E$133-NETWORKDAYS('У1 Ввод'!$D$133,$B2)+1))/Настройки!$E$7*100) -> 0 | DY2: =IF(OR($D2=1,MONTH($B2)<>MONTH(StartDate),'У1 Ввод'!$D$134="",'У1 Ввод'!$E$134="",'У1 Ввод'!$D$134>$B2),0,MAX(0,MIN(1,'У1 Ввод'!$E$134-NETWORKDAYS('У1 Ввод'!$D$134,$B2)+1))/Настройки!$E$7*100) -> 0 | DZ2: =IF(OR($D2=1,MONTH($B2)<>MONTH(StartDate),'У1 Ввод'!$D$135="",'У1 Ввод'!$E$135="",'У1 Ввод'!$D$135>$B2),0,MAX(0,MIN(1,'У1 Ввод'!$E$135-NETWORKDAYS('У1 Ввод'!$D$135,$B2)+1))/Настройки!$E$7*100) -> 0 | EA2: =IF(OR($D2=1,MONTH($B2)<>MONTH(StartDate),'У1 Ввод'!$D$136="",'У1 Ввод'!$E$136="",'У1 Ввод'!$D$136>$B2),0,MAX(0,MIN(1,'У1 Ввод'!$E$136-NETWORKDAYS('У1 Ввод'!$D$136,$B2)+1))/Настройки!$E$7*100) -> 0 | EB2: =IF(OR($D2=1,MONTH($B2)<>MONTH(StartDate),'У1 Ввод'!$D$137="",'У1 Ввод'!$E$137="",'У1 Ввод'!$D$137>$B2),0,MAX(0,MIN(1,'У1 Ввод'!$E$137-NETWORKDAYS('У1 Ввод'!$D$137,$B2)+1))/Настройки!$E$7*100) -> 0 | EC2: =IF(OR($D2=1,MONTH($B2)<>MONTH(StartDate),'У1 Ввод'!$D$138="",'У1 Ввод'!$E$138="",'У1 Ввод'!$D$138>$B2),0,MAX(0,MIN(1,'У1 Ввод'!$E$138-NETWORKDAYS('У1 Ввод'!$D$138,$B2)+1))/Настройки!$E$7*100) -> 0 | ED2: =IF(OR($D2=1,MONTH($B2)<>MONTH(StartDate),'У1 Ввод'!$D$139="",'У1 Ввод'!$E$139="",'У1 Ввод'!$D$139>$B2),0,MAX(0,MIN(1,'У1 Ввод'!$E$139-NETWORKDAYS('У1 Ввод'!$D$139,$B2)+1))/Настройки!$E$7*100) -> 0 | EE2: =IF(OR($D2=1,MONTH($B2)<>MONTH(StartDate),'У1 Ввод'!$D$140="",'У1 Ввод'!$E$140="",'У1 Ввод'!$D$140>$B2),0,MAX(0,MIN(1,'У1 Ввод'!$E$140-NETWORKDAYS('У1 Ввод'!$D$140,$B2)+1))/Настройки!$E$7*100) -> 0 | EF2: =IF(OR($D2=1,MONTH($B2)<>MONTH(StartDate),'У1 Ввод'!$D$141="",'У1 Ввод'!$E$141="",'У1 Ввод'!$D$141>$B2),0,MAX(0,MIN(1,'У1 Ввод'!$E$141-NETWORKDAYS('У1 Ввод'!$D$141,$B2)+1))/Настройки!$E$7*100) -> 0 | EG2: =IF(OR($D2=1,MONTH($B2)<>MONTH(StartDate),'У1 Ввод'!$D$142="",'У1 Ввод'!$E$142="",'У1 Ввод'!$D$142>$B2),0,MAX(0,MIN(1,'У1 Ввод'!$E$142-NETWORKDAYS('У1 Ввод'!$D$142,$B2)+1))/Настройки!$E$7*100) -> 0 | EH2: =IF(OR($D2=1,MONTH($B2)<>MONTH(StartDate),'У1 Ввод'!$D$143="",'У1 Ввод'!$E$143="",'У1 Ввод'!$D$143>$B2),0,MAX(0,MIN(1,'У1 Ввод'!$E$143-NETWORKDAYS('У1 Ввод'!$D$143,$B2)+1))/Настройки!$E$7*100) -> 0 | EI2: =IF(OR($D2=1,MONTH($B2)<>MONTH(StartDate),'У1 Ввод'!$D$144="",'У1 Ввод'!$E$144="",'У1 Ввод'!$D$144>$B2),0,MAX(0,MIN(1,'У1 Ввод'!$E$144-NETWORKDAYS('У1 Ввод'!$D$144,$B2)+1))/Настройки!$E$7*100) -> 0 | EJ2: =IF(OR($D2=1,MONTH($B2)<>MONTH(StartDate),'У1 Ввод'!$D$145="",'У1 Ввод'!$E$145="",'У1 Ввод'!$D$145>$B2),0,MAX(0,MIN(1,'У1 Ввод'!$E$145-NETWORKDAYS('У1 Ввод'!$D$145,$B2)+1))/Настройки!$E$7*100) -> 0 | EK2: =IF(OR($D2=1,MONTH($B2)<>MONTH(StartDate),'У1 Ввод'!$D$146="",'У1 Ввод'!$E$146="",'У1 Ввод'!$D$146>$B2),0,MAX(0,MIN(1,'У1 Ввод'!$E$146-NETWORKDAYS('У1 Ввод'!$D$146,$B2)+1))/Настройки!$E$7*100) -> 0 | EL2: =IF(OR($D2=1,MONTH($B2)<>MONTH(StartDate),'У1 Ввод'!$D$147="",'У1 Ввод'!$E$147="",'У1 Ввод'!$D$147>$B2),0,MAX(0,MIN(1,'У1 Ввод'!$E$147-NETWORKDAYS('У1 Ввод'!$D$147,$B2)+1))/Настройки!$E$7*100) -> 0 | EM2: =IF(OR($D2=1,MONTH($B2)<>MONTH(StartDate),'У1 Ввод'!$D$148="",'У1 Ввод'!$E$148="",'У1 Ввод'!$D$148>$B2),0,MAX(0,MIN(1,'У1 Ввод'!$E$148-NETWORKDAYS('У1 Ввод'!$D$148,$B2)+1))/Настройки!$E$7*100) -> 0 | EN2: =IF(OR($D2=1,MONTH($B2)<>MONTH(StartDate),'У1 Ввод'!$D$149="",'У1 Ввод'!$E$149="",'У1 Ввод'!$D$149>$B2),0,MAX(0,MIN(1,'У1 Ввод'!$E$149-NETWORKDAYS('У1 Ввод'!$D$149,$B2)+1))/Настройки!$E$7*100) -> 0 | EO2: =IF(OR($D2=1,MONTH($B2)<>MONTH(StartDate),'У1 Ввод'!$D$150="",'У1 Ввод'!$E$150="",'У1 Ввод'!$D$150>$B2),0,MAX(0,MIN(1,'У1 Ввод'!$E$150-NETWORKDAYS('У1 Ввод'!$D$150,$B2)+1))/Настройки!$E$7*100) -> 0 | EP2: =IF(OR($D2=1,MONTH($B2)<>MONTH(StartDate),'У1 Ввод'!$D$151="",'У1 Ввод'!$E$151="",'У1 Ввод'!$D$151>$B2),0,MAX(0,MIN(1,'У1 Ввод'!$E$151-NETWORKDAYS('У1 Ввод'!$D$151,$B2)+1))/Настройки!$E$7*100) -> 0 | EQ2: =IF(OR($D2=1,MONTH($B2)<>MONTH(StartDate),'У1 Ввод'!$D$152="",'У1 Ввод'!$E$152="",'У1 Ввод'!$D$152>$B2),0,MAX(0,MIN(1,'У1 Ввод'!$E$152-NETWORKDAYS('У1 Ввод'!$D$152,$B2)+1))/Настройки!$E$7*100) -> 0 | ER2: =IF(OR($D2=1,MONTH($B2)<>MONTH(StartDate),'У1 Ввод'!$D$153="",'У1 Ввод'!$E$153="",'У1 Ввод'!$D$153>$B2),0,MAX(0,MIN(1,'У1 Ввод'!$E$153-NETWORKDAYS('У1 Ввод'!$D$153,$B2)+1))/Настройки!$E$7*100) -> 0 | ES2: =IF(OR($D2=1,MONTH($B2)<>MONTH(StartDate),'У1 Ввод'!$D$154="",'У1 Ввод'!$E$154="",'У1 Ввод'!$D$154>$B2),0,MAX(0,MIN(1,'У1 Ввод'!$E$154-NETWORKDAYS('У1 Ввод'!$D$154,$B2)+1))/Настройки!$E$7*100) -> 0 | ET2: =IF(OR($D2=1,MONTH($B2)<>MONTH(StartDate),'У1 Ввод'!$D$155="",'У1 Ввод'!$E$155="",'У1 Ввод'!$D$155>$B2),0,MAX(0,MIN(1,'У1 Ввод'!$E$155-NETWORKDAYS('У1 Ввод'!$D$155,$B2)+1))/Настройки!$E$7*100) -> 0 | EU2: =IF(OR($D2=1,MONTH($B2)<>MONTH(StartDate),'У1 Ввод'!$D$156="",'У1 Ввод'!$E$156="",'У1 Ввод'!$D$156>$B2),0,MAX(0,MIN(1,'У1 Ввод'!$E$156-NETWORKDAYS('У1 Ввод'!$D$156,$B2)+1))/Настройки!$E$7*100) -> 0 | EV2: =IF(OR($D2=1,MONTH($B2)<>MONTH(StartDate),'У1 Ввод'!$D$157="",'У1 Ввод'!$E$157="",'У1 Ввод'!$D$157>$B2),0,MAX(0,MIN(1,'У1 Ввод'!$E$157-NETWORKDAYS('У1 Ввод'!$D$157,$B2)+1))/Настройки!$E$7*100) -> 0 | EW2: =IF(OR($D2=1,MONTH($B2)<>MONTH(StartDate),'У1 Ввод'!$D$158="",'У1 Ввод'!$E$158="",'У1 Ввод'!$D$158>$B2),0,MAX(0,MIN(1,'У1 Ввод'!$E$158-NETWORKDAYS('У1 Ввод'!$D$158,$B2)+1))/Настройки!$E$7*100) -> 0 | EX2: =IF(OR($D2=1,MONTH($B2)<>MONTH(StartDate),'У1 Ввод'!$D$159="",'У1 Ввод'!$E$159="",'У1 Ввод'!$D$159>$B2),0,MAX(0,MIN(1,'У1 Ввод'!$E$159-NETWORKDAYS('У1 Ввод'!$D$159,$B2)+1))/Настройки!$E$7*100) -> 0 | EY2: =IF(OR($D2=1,MONTH($B2)<>MONTH(StartDate),'У1 Ввод'!$D$160="",'У1 Ввод'!$E$160="",'У1 Ввод'!$D$160>$B2),0,MAX(0,MIN(1,'У1 Ввод'!$E$160-NETWORKDAYS('У1 Ввод'!$D$160,$B2)+1))/Настройки!$E$7*100) -> 0 | EZ2: =IF(OR($D2=1,MONTH($B2)<>MONTH(StartDate),'У1 Ввод'!$D$161="",'У1 Ввод'!$E$161="",'У1 Ввод'!$D$161>$B2),0,MAX(0,MIN(1,'У1 Ввод'!$E$161-NETWORKDAYS('У1 Ввод'!$D$161,$B2)+1))/Настройки!$E$7*100) -> 0 | FA2: =IF(OR($D2=1,MONTH($B2)<>MONTH(StartDate),'У1 Ввод'!$D$162="",'У1 Ввод'!$E$162="",'У1 Ввод'!$D$162>$B2),0,MAX(0,MIN(1,'У1 Ввод'!$E$162-NETWORKDAYS('У1 Ввод'!$D$162,$B2)+1))/Настройки!$E$7*100) -> 0 | FB2: =IF(OR($D2=1,MONTH($B2)<>MONTH(StartDate),'У1 Ввод'!$D$163="",'У1 Ввод'!$E$163="",'У1 Ввод'!$D$163>$B2),0,MAX(0,MIN(1,'У1 Ввод'!$E$163-NETWORKDAYS('У1 Ввод'!$D$163,$B2)+1))/Настройки!$E$7*100) -> 0 | FC2: =IF(OR($D2=1,MONTH($B2)<>MONTH(StartDate),'У1 Ввод'!$D$164="",'У1 Ввод'!$E$164="",'У1 Ввод'!$D$164>$B2),0,MAX(0,MIN(1,'У1 Ввод'!$E$164-NETWORKDAYS('У1 Ввод'!$D$164,$B2)+1))/Настройки!$E$7*100) -> 0 | FD2: =IF(OR($D2=1,MONTH($B2)<>MONTH(StartDate),'У1 Ввод'!$D$165="",'У1 Ввод'!$E$165="",'У1 Ввод'!$D$165>$B2),0,MAX(0,MIN(1,'У1 Ввод'!$E$165-NETWORKDAYS('У1 Ввод'!$D$165,$B2)+1))/Настройки!$E$7*100) -> 0 | FE2: =IF(OR($D2=1,MONTH($B2)<>MONTH(StartDate),'У1 Ввод'!$D$166="",'У1 Ввод'!$E$166="",'У1 Ввод'!$D$166>$B2),0,MAX(0,MIN(1,'У1 Ввод'!$E$166-NETWORKDAYS('У1 Ввод'!$D$166,$B2)+1))/Настройки!$E$7*100) -> 0 | FF2: =IF(OR($D2=1,MONTH($B2)<>MONTH(StartDate),'У1 Ввод'!$D$167="",'У1 Ввод'!$E$167="",'У1 Ввод'!$D$167>$B2),0,MAX(0,MIN(1,'У1 Ввод'!$E$167-NETWORKDAYS('У1 Ввод'!$D$167,$B2)+1))/Настройки!$E$7*100) -> 0 | FG2: =IF(OR($D2=1,MONTH($B2)<>MONTH(StartDate),'У1 Ввод'!$D$168="",'У1 Ввод'!$E$168="",'У1 Ввод'!$D$168>$B2),0,MAX(0,MIN(1,'У1 Ввод'!$E$168-NETWORKDAYS('У1 Ввод'!$D$168,$B2)+1))/Настройки!$E$7*100) -> 0 | FH2: =IF(OR($D2=1,MONTH($B2)<>MONTH(StartDate),'У1 Ввод'!$D$169="",'У1 Ввод'!$E$169="",'У1 Ввод'!$D$169>$B2),0,MAX(0,MIN(1,'У1 Ввод'!$E$169-NETWORKDAYS('У1 Ввод'!$D$169,$B2)+1))/Настройки!$E$7*100) -> 0 | FI2: =IF(OR($D2=1,MONTH($B2)<>MONTH(StartDate),'У1 Ввод'!$D$170="",'У1 Ввод'!$E$170="",'У1 Ввод'!$D$170>$B2),0,MAX(0,MIN(1,'У1 Ввод'!$E$170-NETWORKDAYS('У1 Ввод'!$D$170,$B2)+1))/Настройки!$E$7*100) -> 0 | FJ2: =IF(OR($D2=1,MONTH($B2)<>MONTH(StartDate),'У1 Ввод'!$D$171="",'У1 Ввод'!$E$171="",'У1 Ввод'!$D$171>$B2),0,MAX(0,MIN(1,'У1 Ввод'!$E$171-NETWORKDAYS('У1 Ввод'!$D$171,$B2)+1))/Настройки!$E$7*100) -> 0 | FK2: =IF(OR($D2=1,MONTH($B2)<>MONTH(StartDate),'У1 Ввод'!$D$172="",'У1 Ввод'!$E$172="",'У1 Ввод'!$D$172>$B2),0,MAX(0,MIN(1,'У1 Ввод'!$E$172-NETWORKDAYS('У1 Ввод'!$D$172,$B2)+1))/Настройки!$E$7*100) -> 0 | FL2: =IF(OR($D2=1,MONTH($B2)<>MONTH(StartDate),'У1 Ввод'!$D$173="",'У1 Ввод'!$E$173="",'У1 Ввод'!$D$173>$B2),0,MAX(0,MIN(1,'У1 Ввод'!$E$173-NETWORKDAYS('У1 Ввод'!$D$173,$B2)+1))/Настройки!$E$7*100) -> 0 | FM2: =IF(OR($D2=1,MONTH($B2)<>MONTH(StartDate),'У1 Ввод'!$D$174="",'У1 Ввод'!$E$174="",'У1 Ввод'!$D$174>$B2),0,MAX(0,MIN(1,'У1 Ввод'!$E$174-NETWORKDAYS('У1 Ввод'!$D$174,$B2)+1))/Настройки!$E$7*100) -> 0 | FN2: =IF(OR($D2=1,MONTH($B2)<>MONTH(StartDate),'У1 Ввод'!$D$175="",'У1 Ввод'!$E$175="",'У1 Ввод'!$D$175>$B2),0,MAX(0,MIN(1,'У1 Ввод'!$E$175-NETWORKDAYS('У1 Ввод'!$D$175,$B2)+1))/Настройки!$E$7*100) -> 0 | FO2: =IF(OR($D2=1,MONTH($B2)<>MONTH(StartDate),'У1 Ввод'!$D$176="",'У1 Ввод'!$E$176="",'У1 Ввод'!$D$176>$B2),0,MAX(0,MIN(1,'У1 Ввод'!$E$176-NETWORKDAYS('У1 Ввод'!$D$176,$B2)+1))/Настройки!$E$7*100) -> 0 | FP2: =IF(OR($D2=1,MONTH($B2)<>MONTH(StartDate),'У1 Ввод'!$D$177="",'У1 Ввод'!$E$177="",'У1 Ввод'!$D$177>$B2),0,MAX(0,MIN(1,'У1 Ввод'!$E$177-NETWORKDAYS('У1 Ввод'!$D$177,$B2)+1))/Настройки!$E$7*100) -> 0 | FQ2: =IF(OR($D2=1,MONTH($B2)<>MONTH(StartDate),'У1 Ввод'!$D$178="",'У1 Ввод'!$E$178="",'У1 Ввод'!$D$178>$B2),0,MAX(0,MIN(1,'У1 Ввод'!$E$178-NETWORKDAYS('У1 Ввод'!$D$178,$B2)+1))/Настройки!$E$7*100) -> 0 | FR2: =IF(OR($D2=1,MONTH($B2)<>MONTH(StartDate),'У1 Ввод'!$D$179="",'У1 Ввод'!$E$179="",'У1 Ввод'!$D$179>$B2),0,MAX(0,MIN(1,'У1 Ввод'!$E$179-NETWORKDAYS('У1 Ввод'!$D$179,$B2)+1))/Настройки!$E$7*100) -> 0 | FS2: =IF(OR($D2=1,MONTH($B2)<>MONTH(StartDate),'У1 Ввод'!$D$180="",'У1 Ввод'!$E$180="",'У1 Ввод'!$D$180>$B2),0,MAX(0,MIN(1,'У1 Ввод'!$E$180-NETWORKDAYS('У1 Ввод'!$D$180,$B2)+1))/Настройки!$E$7*100) -> 0 | FT2: =IF(OR($D2=1,MONTH($B2)<>MONTH(StartDate),'У1 Ввод'!$D$181="",'У1 Ввод'!$E$181="",'У1 Ввод'!$D$181>$B2),0,MAX(0,MIN(1,'У1 Ввод'!$E$181-NETWORKDAYS('У1 Ввод'!$D$181,$B2)+1))/Настройки!$E$7*100) -> 0 | FU2: =IF(OR($D2=1,MONTH($B2)<>MONTH(StartDate),'У1 Ввод'!$D$182="",'У1 Ввод'!$E$182="",'У1 Ввод'!$D$182>$B2),0,MAX(0,MIN(1,'У1 Ввод'!$E$182-NETWORKDAYS('У1 Ввод'!$D$182,$B2)+1))/Настройки!$E$7*100) -> 0 | FV2: =IF(OR($D2=1,MONTH($B2)<>MONTH(StartDate),'У1 Ввод'!$D$183="",'У1 Ввод'!$E$183="",'У1 Ввод'!$D$183>$B2),0,MAX(0,MIN(1,'У1 Ввод'!$E$183-NETWORKDAYS('У1 Ввод'!$D$183,$B2)+1))/Настройки!$E$7*100) -> 0 | FW2: =IF(OR($D2=1,MONTH($B2)<>MONTH(StartDate),'У1 Ввод'!$D$184="",'У1 Ввод'!$E$184="",'У1 Ввод'!$D$184>$B2),0,MAX(0,MIN(1,'У1 Ввод'!$E$184-NETWORKDAYS('У1 Ввод'!$D$184,$B2)+1))/Настройки!$E$7*100) -> 0 | FX2: =IF(OR($D2=1,MONTH($B2)<>MONTH(StartDate),'У1 Ввод'!$D$185="",'У1 Ввод'!$E$185="",'У1 Ввод'!$D$185>$B2),0,MAX(0,MIN(1,'У1 Ввод'!$E$185-NETWORKDAYS('У1 Ввод'!$D$185,$B2)+1))/Настройки!$E$7*100) -> 0 | FY2: =IF(OR($D2=1,MONTH($B2)<>MONTH(StartDate),'У1 Ввод'!$D$186="",'У1 Ввод'!$E$186="",'У1 Ввод'!$D$186>$B2),0,MAX(0,MIN(1,'У1 Ввод'!$E$186-NETWORKDAYS('У1 Ввод'!$D$186,$B2)+1))/Настройки!$E$7*100) -> 0 | FZ2: =IF(OR($D2=1,MONTH($B2)<>MONTH(StartDate),'У1 Ввод'!$D$187="",'У1 Ввод'!$E$187="",'У1 Ввод'!$D$187>$B2),0,MAX(0,MIN(1,'У1 Ввод'!$E$187-NETWORKDAYS('У1 Ввод'!$D$187,$B2)+1))/Настройки!$E$7*100) -> 0 | GA2: =IF(OR($D2=1,MONTH($B2)<>MONTH(StartDate),'У1 Ввод'!$D$188="",'У1 Ввод'!$E$188="",'У1 Ввод'!$D$188>$B2),0,MAX(0,MIN(1,'У1 Ввод'!$E$188-NETWORKDAYS('У1 Ввод'!$D$188,$B2)+1))/Настройки!$E$7*100) -> 0 | GB2: =IF(OR($D2=1,MONTH($B2)<>MONTH(StartDate),'У1 Ввод'!$D$189="",'У1 Ввод'!$E$189="",'У1 Ввод'!$D$189>$B2),0,MAX(0,MIN(1,'У1 Ввод'!$E$189-NETWORKDAYS('У1 Ввод'!$D$189,$B2)+1))/Настройки!$E$7*100) -> 0 | GC2: =IF(OR($D2=1,MONTH($B2)<>MONTH(StartDate),'У1 Ввод'!$D$190="",'У1 Ввод'!$E$190="",'У1 Ввод'!$D$190>$B2),0,MAX(0,MIN(1,'У1 Ввод'!$E$190-NETWORKDAYS('У1 Ввод'!$D$190,$B2)+1))/Настройки!$E$7*100) -> 0 | GD2: =IF(OR($D2=1,MONTH($B2)<>MONTH(StartDate),'У1 Ввод'!$D$191="",'У1 Ввод'!$E$191="",'У1 Ввод'!$D$191>$B2),0,MAX(0,MIN(1,'У1 Ввод'!$E$191-NETWORKDAYS('У1 Ввод'!$D$191,$B2)+1))/Настройки!$E$7*100) -> 0 | GE2: =IF(OR($D2=1,MONTH($B2)<>MONTH(StartDate),'У1 Ввод'!$D$192="",'У1 Ввод'!$E$192="",'У1 Ввод'!$D$192>$B2),0,MAX(0,MIN(1,'У1 Ввод'!$E$192-NETWORKDAYS('У1 Ввод'!$D$192,$B2)+1))/Настройки!$E$7*100) -> 0 | GF2: =IF(OR($D2=1,MONTH($B2)<>MONTH(StartDate),'У1 Ввод'!$D$193="",'У1 Ввод'!$E$193="",'У1 Ввод'!$D$193>$B2),0,MAX(0,MIN(1,'У1 Ввод'!$E$193-NETWORKDAYS('У1 Ввод'!$D$193,$B2)+1))/Настройки!$E$7*100) -> 0 | GG2: =IF(OR($D2=1,MONTH($B2)<>MONTH(StartDate),'У1 Ввод'!$D$194="",'У1 Ввод'!$E$194="",'У1 Ввод'!$D$194>$B2),0,MAX(0,MIN(1,'У1 Ввод'!$E$194-NETWORKDAYS('У1 Ввод'!$D$194,$B2)+1))/Настройки!$E$7*100) -> 0 | GH2: =IF(OR($D2=1,MONTH($B2)<>MONTH(StartDate),'У1 Ввод'!$D$195="",'У1 Ввод'!$E$195="",'У1 Ввод'!$D$195>$B2),0,MAX(0,MIN(1,'У1 Ввод'!$E$195-NETWORKDAYS('У1 Ввод'!$D$195,$B2)+1))/Настройки!$E$7*100) -> 0 | GI2: =IF(OR($D2=1,MONTH($B2)<>MONTH(StartDate),'У1 Ввод'!$D$196="",'У1 Ввод'!$E$196="",'У1 Ввод'!$D$196>$B2),0,MAX(0,MIN(1,'У1 Ввод'!$E$196-NETWORKDAYS('У1 Ввод'!$D$196,$B2)+1))/Настройки!$E$7*100) -> 0 | GJ2: =IF(OR($D2=1,MONTH($B2)<>MONTH(StartDate),'У1 Ввод'!$D$197="",'У1 Ввод'!$E$197="",'У1 Ввод'!$D$197>$B2),0,MAX(0,MIN(1,'У1 Ввод'!$E$197-NETWORKDAYS('У1 Ввод'!$D$197,$B2)+1))/Настройки!$E$7*100) -> 0 | GK2: =IF(OR($D2=1,MONTH($B2)<>MONTH(StartDate),'У1 Ввод'!$D$198="",'У1 Ввод'!$E$198="",'У1 Ввод'!$D$198>$B2),0,MAX(0,MIN(1,'У1 Ввод'!$E$198-NETWORKDAYS('У1 Ввод'!$D$198,$B2)+1))/Настройки!$E$7*100) -> 0 | GL2: =IF(OR($D2=1,MONTH($B2)<>MONTH(StartDate),'У1 Ввод'!$D$199="",'У1 Ввод'!$E$199="",'У1 Ввод'!$D$199>$B2),0,MAX(0,MIN(1,'У1 Ввод'!$E$199-NETWORKDAYS('У1 Ввод'!$D$199,$B2)+1))/Настройки!$E$7*100) -> 0 | GM2: =IF(OR($D2=1,MONTH($B2)<>MONTH(StartDate),'У1 Ввод'!$D$200="",'У1 Ввод'!$E$200="",'У1 Ввод'!$D$200>$B2),0,MAX(0,MIN(1,'У1 Ввод'!$E$200-NETWORKDAYS('У1 Ввод'!$D$200,$B2)+1))/Настройки!$E$7*100) -> 0 | GN2: =IF(OR($D2=1,MONTH($B2)<>MONTH(StartDate),'У1 Ввод'!$D$201="",'У1 Ввод'!$E$201="",'У1 Ввод'!$D$201>$B2),0,MAX(0,MIN(1,'У1 Ввод'!$E$201-NETWORKDAYS('У1 Ввод'!$D$201,$B2)+1))/Настройки!$E$7*100) -> 0 | GO2: =IF(OR($D2=1,MONTH($B2)<>MONTH(StartDate),'У1 Ввод'!$D$202="",'У1 Ввод'!$E$202="",'У1 Ввод'!$D$202>$B2),0,MAX(0,MIN(1,'У1 Ввод'!$E$202-NETWORKDAYS('У1 Ввод'!$D$202,$B2)+1))/Настройки!$E$7*100) -> 0 | GP2: =IF(OR($D2=1,MONTH($B2)<>MONTH(StartDate),'У1 Ввод'!$D$203="",'У1 Ввод'!$E$203="",'У1 Ввод'!$D$203>$B2),0,MAX(0,MIN(1,'У1 Ввод'!$E$203-NETWORKDAYS('У1 Ввод'!$D$203,$B2)+1))/Настройки!$E$7*100) -> 0 | GQ2: =IF(OR($D2=1,MONTH($B2)<>MONTH(StartDate),'У1 Ввод'!$D$204="",'У1 Ввод'!$E$204="",'У1 Ввод'!$D$204>$B2),0,MAX(0,MIN(1,'У1 Ввод'!$E$204-NETWORKDAYS('У1 Ввод'!$D$204,$B2)+1))/Настройки!$E$7*100) -> 0 | GR2: =IF(OR($D2=1,MONTH($B2)<>MONTH(StartDate),'У1 Ввод'!$D$205="",'У1 Ввод'!$E$205="",'У1 Ввод'!$D$205>$B2),0,MAX(0,MIN(1,'У1 Ввод'!$E$205-NETWORKDAYS('У1 Ввод'!$D$205,$B2)+1))/Настройки!$E$7*100) -> 0 | GS2: =IF(OR($D2=1,MONTH($B2)<>MONTH(StartDate),'У1 Ввод'!$D$206="",'У1 Ввод'!$E$206="",'У1 Ввод'!$D$206>$B2),0,MAX(0,MIN(1,'У1 Ввод'!$E$206-NETWORKDAYS('У1 Ввод'!$D$206,$B2)+1))/Настройки!$E$7*100) -> 0 | GT2: =IF(OR($D2=1,MONTH($B2)<>MONTH(StartDate),'У1 Ввод'!$D$207="",'У1 Ввод'!$E$207="",'У1 Ввод'!$D$207>$B2),0,MAX(0,MIN(1,'У1 Ввод'!$E$207-NETWORKDAYS('У1 Ввод'!$D$207,$B2)+1))/Настройки!$E$7*100) -> 0 | GU2: =IF(OR($D2=1,MONTH($B2)<>MONTH(StartDate),'У1 Ввод'!$D$208="",'У1 Ввод'!$E$208="",'У1 Ввод'!$D$208>$B2),0,MAX(0,MIN(1,'У1 Ввод'!$E$208-NETWORKDAYS('У1 Ввод'!$D$208,$B2)+1))/Настройки!$E$7*100) -> 0 | GV2: =IF(OR($D2=1,MONTH($B2)<>MONTH(StartDate),'У1 Ввод'!$D$209="",'У1 Ввод'!$E$209="",'У1 Ввод'!$D$209>$B2),0,MAX(0,MIN(1,'У1 Ввод'!$E$209-NETWORKDAYS('У1 Ввод'!$D$209,$B2)+1))/Настройки!$E$7*100) -> 0 | GW2: =IF(OR($D2=1,MONTH($B2)<>MONTH(StartDate),'У1 Ввод'!$D$210="",'У1 Ввод'!$E$210="",'У1 Ввод'!$D$210>$B2),0,MAX(0,MIN(1,'У1 Ввод'!$E$210-NETWORKDAYS('У1 Ввод'!$D$210,$B2)+1))/Настройки!$E$7*100) -> 0 | GX2: =IF(OR($D2=1,MONTH($B2)<>MONTH(StartDate),'У1 Ввод'!$D$211="",'У1 Ввод'!$E$211="",'У1 Ввод'!$D$211>$B2),0,MAX(0,MIN(1,'У1 Ввод'!$E$211-NETWORKDAYS('У1 Ввод'!$D$211,$B2)+1))/Настройки!$E$7*100) -> 0 | GY2: =IF(OR($D2=1,MONTH($B2)<>MONTH(StartDate),'У1 Ввод'!$D$212="",'У1 Ввод'!$E$212="",'У1 Ввод'!$D$212>$B2),0,MAX(0,MIN(1,'У1 Ввод'!$E$212-NETWORKDAYS('У1 Ввод'!$D$212,$B2)+1))/Настройки!$E$7*100) -> 0 | GZ2: =IF(OR($D2=1,MONTH($B2)<>MONTH(StartDate),'У1 Ввод'!$D$213="",'У1 Ввод'!$E$213="",'У1 Ввод'!$D$213>$B2),0,MAX(0,MIN(1,'У1 Ввод'!$E$213-NETWORKDAYS('У1 Ввод'!$D$213,$B2)+1))/Настройки!$E$7*100) -> 0 | HA2: =IF(OR($D2=1,MONTH($B2)<>MONTH(StartDate),'У1 Ввод'!$D$214="",'У1 Ввод'!$E$214="",'У1 Ввод'!$D$214>$B2),0,MAX(0,MIN(1,'У1 Ввод'!$E$214-NETWORKDAYS('У1 Ввод'!$D$214,$B2)+1))/Настройки!$E$7*100) -> 0 | HB2: =IF(OR($D2=1,MONTH($B2)<>MONTH(StartDate),'У1 Ввод'!$D$215="",'У1 Ввод'!$E$215="",'У1 Ввод'!$D$215>$B2),0,MAX(0,MIN(1,'У1 Ввод'!$E$215-NETWORKDAYS('У1 Ввод'!$D$215,$B2)+1))/Настройки!$E$7*100) -> 0 | HC2: =IF(OR($D2=1,MONTH($B2)<>MONTH(StartDate),'У1 Ввод'!$D$216="",'У1 Ввод'!$E$216="",'У1 Ввод'!$D$216>$B2),0,MAX(0,MIN(1,'У1 Ввод'!$E$216-NETWORKDAYS('У1 Ввод'!$D$216,$B2)+1))/Настройки!$E$7*100) -> 0 | HD2: =IF(OR($D2=1,MONTH($B2)<>MONTH(StartDate),'У1 Ввод'!$D$217="",'У1 Ввод'!$E$217="",'У1 Ввод'!$D$217>$B2),0,MAX(0,MIN(1,'У1 Ввод'!$E$217-NETWORKDAYS('У1 Ввод'!$D$217,$B2)+1))/Настройки!$E$7*100) -> 0 | HE2: =IF(OR($D2=1,MONTH($B2)<>MONTH(StartDate),'У1 Ввод'!$D$218="",'У1 Ввод'!$E$218="",'У1 Ввод'!$D$218>$B2),0,MAX(0,MIN(1,'У1 Ввод'!$E$218-NETWORKDAYS('У1 Ввод'!$D$218,$B2)+1))/Настройки!$E$7*100) -> 0 | HF2: =IF(OR($D2=1,MONTH($B2)<>MONTH(StartDate),'У1 Ввод'!$D$219="",'У1 Ввод'!$E$219="",'У1 Ввод'!$D$219>$B2),0,MAX(0,MIN(1,'У1 Ввод'!$E$219-NETWORKDAYS('У1 Ввод'!$D$219,$B2)+1))/Настройки!$E$7*100) -> 0 | HG2: =IF(OR($D2=1,MONTH($B2)<>MONTH(StartDate),'У1 Ввод'!$D$220="",'У1 Ввод'!$E$220="",'У1 Ввод'!$D$220>$B2),0,MAX(0,MIN(1,'У1 Ввод'!$E$220-NETWORKDAYS('У1 Ввод'!$D$220,$B2)+1))/Настройки!$E$7*100) -> 0 | HH2: =IF(OR($D2=1,MONTH($B2)<>MONTH(StartDate),'У1 Ввод'!$D$221="",'У1 Ввод'!$E$221="",'У1 Ввод'!$D$221>$B2),0,MAX(0,MIN(1,'У1 Ввод'!$E$221-NETWORKDAYS('У1 Ввод'!$D$221,$B2)+1))/Настройки!$E$7*100) -> 0 | HI2: =IF(OR($D2=1,MONTH($B2)<>MONTH(StartDate),'У1 Ввод'!$D$222="",'У1 Ввод'!$E$222="",'У1 Ввод'!$D$222>$B2),0,MAX(0,MIN(1,'У1 Ввод'!$E$222-NETWORKDAYS('У1 Ввод'!$D$222,$B2)+1))/Настройки!$E$7*100) -> 0 | HJ2: =IF(OR($D2=1,MONTH($B2)<>MONTH(StartDate),'У1 Ввод'!$D$223="",'У1 Ввод'!$E$223="",'У1 Ввод'!$D$223>$B2),0,MAX(0,MIN(1,'У1 Ввод'!$E$223-NETWORKDAYS('У1 Ввод'!$D$223,$B2)+1))/Настройки!$E$7*100) -> 0 | HK2: =IF(OR($D2=1,MONTH($B2)<>MONTH(StartDate),'У1 Ввод'!$D$224="",'У1 Ввод'!$E$224="",'У1 Ввод'!$D$224>$B2),0,MAX(0,MIN(1,'У1 Ввод'!$E$224-NETWORKDAYS('У1 Ввод'!$D$224,$B2)+1))/Настройки!$E$7*100) -> 0 | HL2: =IF(OR($D2=1,MONTH($B2)<>MONTH(StartDate),'У1 Ввод'!$D$225="",'У1 Ввод'!$E$225="",'У1 Ввод'!$D$225>$B2),0,MAX(0,MIN(1,'У1 Ввод'!$E$225-NETWORKDAYS('У1 Ввод'!$D$225,$B2)+1))/Настройки!$E$7*100) -> 0 | HM2: =IF(OR($D2=1,MONTH($B2)<>MONTH(StartDate),'У1 Ввод'!$D$226="",'У1 Ввод'!$E$226="",'У1 Ввод'!$D$226>$B2),0,MAX(0,MIN(1,'У1 Ввод'!$E$226-NETWORKDAYS('У1 Ввод'!$D$226,$B2)+1))/Настройки!$E$7*100) -> 0 | HN2: =IF(OR($D2=1,MONTH($B2)<>MONTH(StartDate),'У1 Ввод'!$D$227="",'У1 Ввод'!$E$227="",'У1 Ввод'!$D$227>$B2),0,MAX(0,MIN(1,'У1 Ввод'!$E$227-NETWORKDAYS('У1 Ввод'!$D$227,$B2)+1))/Настройки!$E$7*100) -> 0 | HO2: =IF(OR($D2=1,MONTH($B2)<>MONTH(StartDate),'У1 Ввод'!$D$228="",'У1 Ввод'!$E$228="",'У1 Ввод'!$D$228>$B2),0,MAX(0,MIN(1,'У1 Ввод'!$E$228-NETWORKDAYS('У1 Ввод'!$D$228,$B2)+1))/Настройки!$E$7*100) -> 0 | HP2: =IF(OR($D2=1,MONTH($B2)<>MONTH(StartDate),'У1 Ввод'!$D$229="",'У1 Ввод'!$E$229="",'У1 Ввод'!$D$229>$B2),0,MAX(0,MIN(1,'У1 Ввод'!$E$229-NETWORKDAYS('У1 Ввод'!$D$229,$B2)+1))/Настройки!$E$7*100) -> 0 | HQ2: =IF(OR($D2=1,MONTH($B2)<>MONTH(StartDate),'У1 Ввод'!$D$230="",'У1 Ввод'!$E$230="",'У1 Ввод'!$D$230>$B2),0,MAX(0,MIN(1,'У1 Ввод'!$E$230-NETWORKDAYS('У1 Ввод'!$D$230,$B2)+1))/Настройки!$E$7*100) -> 0 | HR2: =IF(OR($D2=1,MONTH($B2)<>MONTH(StartDate),'У1 Ввод'!$D$231="",'У1 Ввод'!$E$231="",'У1 Ввод'!$D$231>$B2),0,MAX(0,MIN(1,'У1 Ввод'!$E$231-NETWORKDAYS('У1 Ввод'!$D$231,$B2)+1))/Настройки!$E$7*100) -> 0 | HS2: =IF(OR($D2=1,MONTH($B2)<>MONTH(StartDate),'У1 Ввод'!$D$232="",'У1 Ввод'!$E$232="",'У1 Ввод'!$D$232>$B2),0,MAX(0,MIN(1,'У1 Ввод'!$E$232-NETWORKDAYS('У1 Ввод'!$D$232,$B2)+1))/Настройки!$E$7*100) -> 0 | HT2: =IF(OR($D2=1,MONTH($B2)<>MONTH(StartDate),'У1 Ввод'!$D$233="",'У1 Ввод'!$E$233="",'У1 Ввод'!$D$233>$B2),0,MAX(0,MIN(1,'У1 Ввод'!$E$233-NETWORKDAYS('У1 Ввод'!$D$233,$B2)+1))/Настройки!$E$7*100) -> 0 | HU2: =IF(OR($D2=1,MONTH($B2)<>MONTH(StartDate),'У1 Ввод'!$D$234="",'У1 Ввод'!$E$234="",'У1 Ввод'!$D$234>$B2),0,MAX(0,MIN(1,'У1 Ввод'!$E$234-NETWORKDAYS('У1 Ввод'!$D$234,$B2)+1))/Настройки!$E$7*100) -> 0 | HV2: =IF(OR($D2=1,MONTH($B2)<>MONTH(StartDate),'У1 Ввод'!$D$235="",'У1 Ввод'!$E$235="",'У1 Ввод'!$D$235>$B2),0,MAX(0,MIN(1,'У1 Ввод'!$E$235-NETWORKDAYS('У1 Ввод'!$D$235,$B2)+1))/Настройки!$E$7*100) -> 0 | HW2: =IF(OR($D2=1,MONTH($B2)<>MONTH(StartDate),'У1 Ввод'!$D$236="",'У1 Ввод'!$E$236="",'У1 Ввод'!$D$236>$B2),0,MAX(0,MIN(1,'У1 Ввод'!$E$236-NETWORKDAYS('У1 Ввод'!$D$236,$B2)+1))/Настройки!$E$7*100) -> 0 | HX2: =IF(OR($D2=1,MONTH($B2)<>MONTH(StartDate),'У1 Ввод'!$D$237="",'У1 Ввод'!$E$237="",'У1 Ввод'!$D$237>$B2),0,MAX(0,MIN(1,'У1 Ввод'!$E$237-NETWORKDAYS('У1 Ввод'!$D$237,$B2)+1))/Настройки!$E$7*100) -> 0 | HY2: =IF(OR($D2=1,MONTH($B2)<>MONTH(StartDate),'У1 Ввод'!$D$238="",'У1 Ввод'!$E$238="",'У1 Ввод'!$D$238>$B2),0,MAX(0,MIN(1,'У1 Ввод'!$E$238-NETWORKDAYS('У1 Ввод'!$D$238,$B2)+1))/Настройки!$E$7*100) -> 0 | HZ2: =IF(OR($D2=1,MONTH($B2)<>MONTH(StartDate),'У1 Ввод'!$D$239="",'У1 Ввод'!$E$239="",'У1 Ввод'!$D$239>$B2),0,MAX(0,MIN(1,'У1 Ввод'!$E$239-NETWORKDAYS('У1 Ввод'!$D$239,$B2)+1))/Настройки!$E$7*100) -> 0 | IA2: =IF(OR($D2=1,MONTH($B2)<>MONTH(StartDate),'У1 Ввод'!$D$240="",'У1 Ввод'!$E$240="",'У1 Ввод'!$D$240>$B2),0,MAX(0,MIN(1,'У1 Ввод'!$E$240-NETWORKDAYS('У1 Ввод'!$D$240,$B2)+1))/Настройки!$E$7*100) -> 0 | IB2: =IF(OR($D2=1,MONTH($B2)<>MONTH(StartDate),'У1 Ввод'!$D$241="",'У1 Ввод'!$E$241="",'У1 Ввод'!$D$241>$B2),0,MAX(0,MIN(1,'У1 Ввод'!$E$241-NETWORKDAYS('У1 Ввод'!$D$241,$B2)+1))/Настройки!$E$7*100) -> 0 | IC2: =IF(OR($D2=1,MONTH($B2)<>MONTH(StartDate),'У1 Ввод'!$D$242="",'У1 Ввод'!$E$242="",'У1 Ввод'!$D$242>$B2),0,MAX(0,MIN(1,'У1 Ввод'!$E$242-NETWORKDAYS('У1 Ввод'!$D$242,$B2)+1))/Настройки!$E$7*100) -> 0 | ID2: =IF(OR($D2=1,MONTH($B2)<>MONTH(StartDate),'У1 Ввод'!$D$243="",'У1 Ввод'!$E$243="",'У1 Ввод'!$D$243>$B2),0,MAX(0,MIN(1,'У1 Ввод'!$E$243-NETWORKDAYS('У1 Ввод'!$D$243,$B2)+1))/Настройки!$E$7*100) -> 0 | IE2: =IF(OR($D2=1,MONTH($B2)<>MONTH(StartDate),'У1 Ввод'!$D$244="",'У1 Ввод'!$E$244="",'У1 Ввод'!$D$244>$B2),0,MAX(0,MIN(1,'У1 Ввод'!$E$244-NETWORKDAYS('У1 Ввод'!$D$244,$B2)+1))/Настройки!$E$7*100) -> 0 | IF2: =IF(OR($D2=1,MONTH($B2)<>MONTH(StartDate),'У1 Ввод'!$D$245="",'У1 Ввод'!$E$245="",'У1 Ввод'!$D$245>$B2),0,MAX(0,MIN(1,'У1 Ввод'!$E$245-NETWORKDAYS('У1 Ввод'!$D$245,$B2)+1))/Настройки!$E$7*100) -> 0 | IG2: =IF(OR($D2=1,MONTH($B2)<>MONTH(StartDate),'У1 Ввод'!$D$246="",'У1 Ввод'!$E$246="",'У1 Ввод'!$D$246>$B2),0,MAX(0,MIN(1,'У1 Ввод'!$E$246-NETWORKDAYS('У1 Ввод'!$D$246,$B2)+1))/Настройки!$E$7*100) -> 0 | IH2: =IF(OR($D2=1,MONTH($B2)<>MONTH(StartDate),'У1 Ввод'!$D$247="",'У1 Ввод'!$E$247="",'У1 Ввод'!$D$247>$B2),0,MAX(0,MIN(1,'У1 Ввод'!$E$247-NETWORKDAYS('У1 Ввод'!$D$247,$B2)+1))/Настройки!$E$7*100) -> 0 | II2: =IF(OR($D2=1,MONTH($B2)<>MONTH(StartDate),'У1 Ввод'!$D$248="",'У1 Ввод'!$E$248="",'У1 Ввод'!$D$248>$B2),0,MAX(0,MIN(1,'У1 Ввод'!$E$248-NETWORKDAYS('У1 Ввод'!$D$248,$B2)+1))/Настройки!$E$7*100) -> 0 | IJ2: =IF(OR($D2=1,MONTH($B2)<>MONTH(StartDate),'У1 Ввод'!$D$249="",'У1 Ввод'!$E$249="",'У1 Ввод'!$D$249>$B2),0,MAX(0,MIN(1,'У1 Ввод'!$E$249-NETWORKDAYS('У1 Ввод'!$D$249,$B2)+1))/Настройки!$E$7*100) -> 0 | IK2: =IF(OR($D2=1,MONTH($B2)<>MONTH(StartDate),'У1 Ввод'!$D$250="",'У1 Ввод'!$E$250="",'У1 Ввод'!$D$250>$B2),0,MAX(0,MIN(1,'У1 Ввод'!$E$250-NETWORKDAYS('У1 Ввод'!$D$250,$B2)+1))/Настройки!$E$7*100) -> 0 | IL2: =IF(OR($D2=1,MONTH($B2)<>MONTH(StartDate),'У1 Ввод'!$D$251="",'У1 Ввод'!$E$251="",'У1 Ввод'!$D$251>$B2),0,MAX(0,MIN(1,'У1 Ввод'!$E$251-NETWORKDAYS('У1 Ввод'!$D$251,$B2)+1))/Настройки!$E$7*100) -> 0
